volume,surface_area,sphericity,bbox_volume,extent,file_name
202,226.47977229178144,0.7351155638916215,525,0.38476190476190475,mask_100.npy
71531,17237.77868782289,0.48342861655477015,252168,0.283664065226357,mask_100.npy
1,1.7320505049483723,2.792052453570663,1,1.0,mask_100.npy
16,37.97396262849732,0.8086207115977061,25,0.64,mask_100.npy
1,1.7320505049483723,2.792052453570663,1,1.0,mask_100.npy
38009,8840.118752362361,0.6184201823852887,157920,0.24068515704154003,mask_110.npy
1,1.7320505049483723,2.792052453570663,1,1.0,mask_110.npy
9,20.413483441468713,1.0250113552235465,18,0.5,mask_110.npy
1,1.7320505049483723,2.792052453570663,1,1.0,mask_110.npy
157878,29254.874798188022,0.4828737809618592,520768,0.3031637888656753,mask_111.npy
1,1.7320505049483723,2.792052453570663,1,1.0,mask_111.npy
1,1.7320505049483723,2.792052453570663,1,1.0,mask_113.npy
2,4.560477231784128,1.6832960193744537,2,1.0,mask_113.npy
97155,15502.04738666175,0.659282935894161,291042,0.3338177994928567,mask_113.npy
1,1.7320505049483723,2.792052453570663,1,1.0,mask_113.npy
9,22.053602983427567,0.9487815819889789,16,0.5625,mask_113.npy
1,1.7320505049483723,2.792052453570663,1,1.0,mask_113.npy
1,1.7320505049483723,2.792052453570663,1,1.0,mask_113.npy
1,1.7320505049483723,2.792052453570663,1,1.0,mask_113.npy
1,1.7320505049483723,2.792052453570663,1,1.0,mask_113.npy
1,1.7320505049483723,2.792052453570663,1,1.0,mask_113.npy
1,1.7320505049483723,2.792052453570663,1,1.0,mask_113.npy
2,4.5604772317841284,1.6832960193744535,2,1.0,mask_113.npy
1,1.7320505049483723,2.792052453570663,1,1.0,mask_113.npy
6127,3488.7692729503206,0.46413444067138926,25688,0.23851603861725318,mask_113.npy
90584,17808.40672640629,0.5477218353186977,302120,0.2998278829604131,mask_114.npy
1,1.7320505049483723,2.792052453570663,1,1.0,mask_114.npy
6,14.217331499467605,1.1231390696978245,6,1.0,mask_114.npy
8,17.681432625547636,1.094023536319558,12,0.6666666666666666,mask_114.npy
1,1.7320505049483723,2.792052453570663,1,1.0,mask_114.npy
2,4.5604772317841284,1.6832960193744535,2,1.0,mask_114.npy
1,1.7320505049483723,2.792052453570663,1,1.0,mask_114.npy
1,1.7320505049483723,2.792052453570663,1,1.0,mask_114.npy
1,1.7320505049483723,2.792052453570663,1,1.0,mask_114.npy
2,4.560477231784128,1.6832960193744537,2,1.0,mask_114.npy
46313,15866.751647561297,0.39306530363523745,325376,0.14233686565696302,mask_12.npy
1,1.7320505049483723,2.792052453570663,1,1.0,mask_12.npy
1,1.7320505049483723,2.792052453570663,1,1.0,mask_12.npy
1,1.7320505049483723,2.792052453570663,1,1.0,mask_12.npy
2,4.5604772317841284,1.6832960193744535,2,1.0,mask_12.npy
1,1.7320505049483723,2.792052453570663,1,1.0,mask_12.npy
1,1.7320505049483723,2.792052453570663,1,1.0,mask_12.npy
1,1.7320505049483723,2.792052453570663,1,1.0,mask_12.npy
1,1.7320505049483723,2.792052453570663,1,1.0,mask_12.npy
4,10.12095455041091,1.2040263109633629,6,0.6666666666666666,mask_12.npy
4,9.683497025490777,1.258418889238158,8,0.5,mask_12.npy
1,1.7320505049483723,2.792052453570663,1,1.0,mask_12.npy
1,1.7320505049483723,2.792052453570663,1,1.0,mask_12.npy
1,1.7320505049483723,2.792052453570663,1,1.0,mask_12.npy
1,1.7320505049483723,2.792052453570663,1,1.0,mask_12.npy
1,1.7320505049483723,2.792052453570663,1,1.0,mask_12.npy
1,1.7320505049483723,2.792052453570663,1,1.0,mask_12.npy
1,1.7320505049483723,2.792052453570663,1,1.0,mask_12.npy
2,4.560477231784128,1.6832960193744537,2,1.0,mask_12.npy
139878,23179.356306455204,0.5621890241964211,419580,0.3333762333762334,mask_120.npy
4,5.012289207683086,2.4312036009574154,6,0.6666666666666666,mask_120.npy
41957,8090.698068798659,0.7217183518674298,114660,0.36592534449677305,mask_126.npy
1,1.7320505049483723,2.792052453570663,1,1.0,mask_126.npy
1,1.7320505049483723,2.792052453570663,1,1.0,mask_126.npy
1,1.7320505049483723,2.792052453570663,1,1.0,mask_126.npy
1,1.7320505049483723,2.792052453570663,1,1.0,mask_126.npy
54323,10633.513851241085,0.652323694818033,126270,0.43021303555872337,mask_130.npy
1,1.7320505049483723,2.792052453570663,1,1.0,mask_130.npy
1,1.7320505049483723,2.792052453570663,1,1.0,mask_130.npy
1,1.7320505049483723,2.792052453570663,1,1.0,mask_130.npy
6,14.853005549207912,1.0750713329363277,9,0.6666666666666666,mask_130.npy
1,1.7320505049483723,2.792052453570663,1,1.0,mask_130.npy
1,1.7320505049483723,2.792052453570663,1,1.0,mask_130.npy
1,1.7320505049483723,2.792052453570663,1,1.0,mask_130.npy
120673,15569.834473501798,0.7584731338557471,331128,0.3644300693387451,mask_132.npy
1,1.7320505049483723,2.792052453570663,1,1.0,mask_132.npy
63967,13044.58626061599,0.5929587347112877,184730,0.3462729388837763,mask_133.npy
3,6.5228787061457,1.542146590866528,3,1.0,mask_133.npy
10,20.999269911422783,1.0689234271282633,12,0.8333333333333334,mask_133.npy
1,1.7320505049483723,2.792052453570663,1,1.0,mask_133.npy
1,1.7320505049483723,2.792052453570663,1,1.0,mask_133.npy
2,4.5604772317841284,1.6832960193744535,2,1.0,mask_133.npy
6,15.874184139127161,1.005912513924991,6,1.0,mask_133.npy
1,1.7320505049483723,2.792052453570663,1,1.0,mask_133.npy
3,7.388903958619887,1.3613974705386944,3,1.0,mask_133.npy
1,1.7320505049483723,2.792052453570663,1,1.0,mask_133.npy
1,1.7320505049483723,2.792052453570663,1,1.0,mask_133.npy
1,1.7320505049483723,2.792052453570663,1,1.0,mask_133.npy
1,1.7320505049483723,2.792052453570663,1,1.0,mask_133.npy
2,4.5604772317841284,1.6832960193744535,2,1.0,mask_133.npy
1,1.7320505049483723,2.792052453570663,1,1.0,mask_133.npy
7,18.50985859587344,0.9560480429318812,12,0.5833333333333334,mask_133.npy
1,1.7320505049483723,2.792052453570663,1,1.0,mask_133.npy
1,1.7320505049483723,2.792052453570663,1,1.0,mask_133.npy
5,12.120954957416892,1.1666142850856047,6,0.8333333333333334,mask_133.npy
1,1.7320505049483723,2.792052453570663,1,1.0,mask_133.npy
1,1.7320505049483723,2.792052453570663,1,1.0,mask_133.npy
3,7.292527823575153,1.3793893424443504,4,0.75,mask_133.npy
1,1.7320505049483723,2.792052453570663,1,1.0,mask_133.npy
2989,1738.3849109956527,0.5772387233142375,11880,0.2515993265993266,mask_133.npy
1,1.7320505049483723,2.792052453570663,1,1.0,mask_133.npy
1,1.7320505049483723,2.792052453570663,1,1.0,mask_133.npy
1,1.7320505049483723,2.792052453570663,1,1.0,mask_133.npy
2,4.5604772317841284,1.6832960193744535,2,1.0,mask_133.npy
16,33.77914453832295,0.9090381980515572,40,0.4,mask_133.npy
4,10.024578415366175,1.2156018004787073,6,0.6666666666666666,mask_133.npy
1,1.7320505049483723,2.792052453570663,1,1.0,mask_133.npy
1,1.7320505049483723,2.792052453570663,1,1.0,mask_133.npy
207804,30095.75138838571,0.5637434848955853,574240,0.3618765672889384,mask_137.npy
2,4.5604772317841284,1.6832960193744535,2,1.0,mask_137.npy
1,1.7320505049483723,2.792052453570663,1,1.0,mask_137.npy
1,1.7320505049483723,2.792052453570663,1,1.0,mask_137.npy
2,4.5604772317841284,1.6832960193744535,2,1.0,mask_137.npy
1,1.7320505049483723,2.792052453570663,1,1.0,mask_137.npy
2,4.5604772317841284,1.6832960193744535,2,1.0,mask_137.npy
6,14.217331499467603,1.1231390696978247,6,1.0,mask_137.npy
5,12.120954957416892,1.1666142850856047,6,0.8333333333333334,mask_137.npy
1,1.7320505049483723,2.792052453570663,1,1.0,mask_137.npy
1,1.7320505049483723,2.792052453570663,1,1.0,mask_137.npy
2,4.560477231784128,1.6832960193744537,2,1.0,mask_137.npy
4,9.388904365625867,1.2979038976446955,4,1.0,mask_137.npy
1,1.7320505049483723,2.792052453570663,1,1.0,mask_137.npy
147018,18782.84528164505,0.7171936190649753,383400,0.3834585289514867,mask_142.npy
1,1.7320505049483723,2.792052453570663,1,1.0,mask_142.npy
18,46.01971890661337,0.7217528369305029,44,0.4090909090909091,mask_142.npy
5,13.045757412291403,1.083914007850468,5,1.0,mask_142.npy
1,1.7320505049483723,2.792052453570663,1,1.0,mask_142.npy
1,1.7320505049483723,2.792052453570663,1,1.0,mask_142.npy
1,1.7320505049483723,2.792052453570663,1,1.0,mask_142.npy
3,6.426502571100966,1.5652736535971146,4,0.75,mask_142.npy
1,0.8660252524741862,5.584104907141326,1,1.0,mask_142.npy
1,1.7320505049483723,2.792052453570663,1,1.0,mask_142.npy
1,1.7320505049483723,2.792052453570663,1,1.0,mask_142.npy
1,1.7320505049483723,2.792052453570663,1,1.0,mask_142.npy
1,1.7320505049483723,2.792052453570663,1,1.0,mask_142.npy
1,1.7320505049483723,2.792052453570663,1,1.0,mask_142.npy
1,1.7320505049483723,2.792052453570663,1,1.0,mask_142.npy
1,1.7320505049483723,2.792052453570663,1,1.0,mask_142.npy
1,1.7320505049483723,2.792052453570663,1,1.0,mask_142.npy
1,1.7320505049483723,2.792052453570663,1,1.0,mask_142.npy
2,4.5604772317841284,1.6832960193744535,2,1.0,mask_142.npy
1,1.7320505049483723,2.792052453570663,1,1.0,mask_142.npy
1,1.7320505049483723,2.792052453570663,1,1.0,mask_142.npy
99791,20421.41331360772,0.5094785597343523,355320,0.28084824946527076,mask_145.npy
1,1.7320505049483723,2.792052453570663,1,1.0,mask_145.npy
1,1.7320505049483723,2.792052453570663,1,1.0,mask_145.npy
1,1.7320505049483723,2.792052453570663,1,1.0,mask_145.npy
1,1.7320505049483723,2.792052453570663,1,1.0,mask_145.npy
54764,15197.76636237151,0.4588821191538801,250040,0.2190209566469365,mask_147.npy
1,1.7320505049483723,2.792052453570663,1,1.0,mask_147.npy
1,1.7320505049483723,2.792052453570663,1,1.0,mask_147.npy
1,1.7320505049483723,2.792052453570663,1,1.0,mask_147.npy
5,12.12095495741689,1.166614285085605,6,0.8333333333333334,mask_147.npy
2,4.5604772317841284,1.6832960193744535,2,1.0,mask_147.npy
90994,15456.141426786815,0.6329822706051431,216482,0.42033055866076624,mask_147.npy
1,1.7320505049483723,2.792052453570663,1,1.0,mask_147.npy
10,23.6814334970616,0.947856959913117,12,0.8333333333333334,mask_147.npy
6,14.853005549207914,1.0750713329363275,8,0.75,mask_147.npy
1,1.7320505049483723,2.792052453570663,1,1.0,mask_147.npy
1,1.7320505049483723,2.792052453570663,1,1.0,mask_147.npy
1,1.7320505049483723,2.792052453570663,1,1.0,mask_147.npy
1,1.7320505049483723,2.792052453570663,1,1.0,mask_147.npy
3,7.388903958619887,1.3613974705386944,3,1.0,mask_147.npy
2,4.5604772317841284,1.6832960193744535,2,1.0,mask_147.npy
1,1.7320505049483723,2.792052453570663,1,1.0,mask_147.npy
2,4.5604772317841284,1.6832960193744535,2,1.0,mask_147.npy
1,1.7320505049483723,2.792052453570663,1,1.0,mask_147.npy
3,7.388903958619887,1.3613974705386944,3,1.0,mask_147.npy
1,1.7320505049483723,2.792052453570663,1,1.0,mask_147.npy
1,0.8660252524741862,5.584104907141326,1,1.0,mask_147.npy
149284,27101.70424031454,0.5021456426600556,488592,0.3055391819759636,mask_149.npy
2,4.560477231784128,1.6832960193744537,2,1.0,mask_149.npy
3,7.388903958619887,1.3613974705386944,3,1.0,mask_149.npy
1,1.7320505049483723,2.792052453570663,1,1.0,mask_149.npy
1,1.7320505049483723,2.792052453570663,1,1.0,mask_149.npy
3,7.388903958619887,1.3613974705386944,3,1.0,mask_149.npy
8,22.72937857533244,0.8510528954447981,20,0.4,mask_149.npy
127026,33318.91201514424,0.36676543054279953,421228,0.30156114978111614,mask_15.npy
1,1.7320505049483723,2.792052453570663,1,1.0,mask_15.npy
1,1.7320505049483723,2.792052453570663,1,1.0,mask_15.npy
1,1.7320505049483723,2.792052453570663,1,1.0,mask_15.npy
1,1.7320505049483723,2.792052453570663,1,1.0,mask_15.npy
1,1.7320505049483723,2.792052453570663,1,1.0,mask_15.npy
1,1.7320505049483723,2.792052453570663,1,1.0,mask_15.npy
1,1.7320505049483723,2.792052453570663,1,1.0,mask_15.npy
1,1.7320505049483723,2.792052453570663,1,1.0,mask_15.npy
2,4.5604772317841284,1.6832960193744535,2,1.0,mask_15.npy
118394,24401.598839970808,0.4778434498318232,356400,0.3321941638608305,mask_154.npy
116,123.24239517041904,0.9333173097974682,216,0.5370370370370371,mask_154.npy
99199,23896.222774495258,0.4336703484123562,364980,0.2717929749575319,mask_16.npy
1,1.7320505049483723,2.792052453570663,1,1.0,mask_16.npy
6,16.93012120730826,0.9431734290835829,12,0.5,mask_16.npy
2,4.560477231784128,1.6832960193744537,2,1.0,mask_16.npy
1,1.7320505049483723,2.792052453570663,1,1.0,mask_16.npy
1,1.7320505049483723,2.792052453570663,1,1.0,mask_16.npy
10,14.354705100831133,1.563711090073861,24,0.4166666666666667,mask_16.npy
1,0.8660252524741862,5.584104907141326,1,1.0,mask_16.npy
151713,28095.033831148015,0.4896319651905792,404430,0.3751279578666271,mask_167.npy
5,12.12095495741689,1.166614285085605,6,0.8333333333333334,mask_167.npy
2,4.560477231784128,1.6832960193744537,2,1.0,mask_167.npy
2,4.560477231784128,1.6832960193744537,2,1.0,mask_167.npy
1,1.7320505049483723,2.792052453570663,1,1.0,mask_167.npy
4,10.217330685455645,1.192669195693716,4,1.0,mask_167.npy
1,1.7320505049483723,2.792052453570663,1,1.0,mask_167.npy
3,7.388903958619887,1.3613974705386944,3,1.0,mask_167.npy
1,1.7320505049483723,2.792052453570663,1,1.0,mask_167.npy
1,1.7320505049483723,2.792052453570663,1,1.0,mask_167.npy
1,1.7320505049483723,2.792052453570663,1,1.0,mask_167.npy
153,201.2752753865355,0.6873131432416353,800,0.19125,mask_167.npy
1,1.7320505049483723,2.792052453570663,1,1.0,mask_167.npy
2,4.5604772317841284,1.6832960193744535,2,1.0,mask_167.npy
1,1.7320505049483723,2.792052453570663,1,1.0,mask_167.npy
1,1.7320505049483723,2.792052453570663,1,1.0,mask_167.npy
1,1.7320505049483723,2.792052453570663,1,1.0,mask_167.npy
1,1.7320505049483723,2.792052453570663,1,1.0,mask_167.npy
2,4.560477231784128,1.6832960193744537,2,1.0,mask_167.npy
1,1.7320505049483723,2.792052453570663,1,1.0,mask_167.npy
1,1.7320505049483723,2.792052453570663,1,1.0,mask_167.npy
1,1.7320505049483723,2.792052453570663,1,1.0,mask_167.npy
1,1.7320505049483723,2.792052453570663,1,1.0,mask_167.npy
2,4.560477231784128,1.6832960193744537,2,1.0,mask_167.npy
180649,32377.821438675248,0.47730231642789184,669300,0.2699073659046765,mask_174.npy
36,62.08323308935292,0.8492680765566806,120,0.3,mask_174.npy
5728,2311.474644317913,0.6697771547254168,21112,0.27131489200454717,mask_174.npy
2,4.560477231784128,1.6832960193744537,2,1.0,mask_174.npy
15,35.88734807690775,0.8196031084734339,60,0.25,mask_174.npy
1,1.7320505049483723,2.792052453570663,1,1.0,mask_174.npy
1,1.7320505049483723,2.792052453570663,1,1.0,mask_174.npy
1,1.7320505049483723,2.792052453570663,1,1.0,mask_174.npy
1,1.7320505049483723,2.792052453570663,1,1.0,mask_174.npy
1,1.7320505049483723,2.792052453570663,1,1.0,mask_174.npy
2,4.560477231784128,1.6832960193744537,2,1.0,mask_174.npy
4,10.217330685455645,1.192669195693716,4,1.0,mask_174.npy
1,1.7320505049483723,2.792052453570663,1,1.0,mask_174.npy
1,1.7320505049483723,2.792052453570663,1,1.0,mask_174.npy
2,4.560477231784128,1.6832960193744537,2,1.0,mask_174.npy
16,34.52554973002184,0.8893857714925594,40,0.4,mask_174.npy
2,4.560477231784128,1.6832960193744537,2,1.0,mask_174.npy
1,1.7320505049483723,2.792052453570663,1,1.0,mask_174.npy
1,1.7320505049483723,2.792052453570663,1,1.0,mask_174.npy
3,7.292527823575153,1.3793893424443504,4,0.75,mask_174.npy
1,1.7320505049483723,2.792052453570663,1,1.0,mask_174.npy
1,1.7320505049483723,2.792052453570663,1,1.0,mask_174.npy
15,33.53443866048021,0.8771097180572428,40,0.375,mask_174.npy
60,110.85082354474808,0.6686200064936878,132,0.45454545454545453,mask_174.npy
2,4.560477231784128,1.6832960193744537,2,1.0,mask_174.npy
2,4.5604772317841284,1.6832960193744535,2,1.0,mask_174.npy
1,1.7320505049483723,2.792052453570663,1,1.0,mask_174.npy
4,10.217330685455645,1.192669195693716,4,1.0,mask_174.npy
1,1.7320505049483723,2.792052453570663,1,1.0,mask_174.npy
103,185.25932147148038,0.5735820324756379,729,0.1412894375857339,mask_174.npy
6,15.662632967499993,1.019499116593701,16,0.375,mask_174.npy
1,1.7320505049483723,2.792052453570663,1,1.0,mask_174.npy
1,1.7320505049483723,2.792052453570663,1,1.0,mask_174.npy
1,1.7320505049483723,2.792052453570663,1,1.0,mask_174.npy
15,39.46230292962839,0.7453539163984791,60,0.25,mask_174.npy
1,1.7320505049483723,2.792052453570663,1,1.0,mask_174.npy
4,10.217330685455645,1.192669195693716,4,1.0,mask_174.npy
1,1.7320505049483723,2.792052453570663,1,1.0,mask_174.npy
1,1.7320505049483723,2.792052453570663,1,1.0,mask_174.npy
72734,10922.596784985602,0.7714655505772045,155480,0.4678029328531001,mask_177.npy
3,7.388903958619887,1.3613974705386944,3,1.0,mask_177.npy
12,31.32288633346106,0.8092384583044601,56,0.21428571428571427,mask_177.npy
1,1.7320505049483723,2.792052453570663,1,1.0,mask_177.npy
1,1.7320505049483723,2.792052453570663,1,1.0,mask_177.npy
1,1.7320505049483723,2.792052453570663,1,1.0,mask_177.npy
1,1.7320505049483723,2.792052453570663,1,1.0,mask_177.npy
1,1.7320505049483723,2.792052453570663,1,1.0,mask_177.npy
1,1.7320505049483723,2.792052453570663,1,1.0,mask_177.npy
9,23.14553345962571,0.9040211738334951,18,0.5,mask_177.npy
1,1.7320505049483723,2.792052453570663,1,1.0,mask_177.npy
1,1.7320505049483723,2.792052453570663,1,1.0,mask_177.npy
10,24.770837243409222,0.9061708871742652,30,0.3333333333333333,mask_177.npy
1,1.7320505049483723,2.792052453570663,1,1.0,mask_177.npy
1,1.7320505049483723,2.792052453570663,1,1.0,mask_177.npy
2,4.560477231784128,1.6832960193744537,2,1.0,mask_177.npy
1,1.7320505049483723,2.792052453570663,1,1.0,mask_177.npy
159396,38508.66619858491,0.36918489783445285,747155,0.21333725933708533,mask_179.npy
1,1.7320505049483723,2.792052453570663,1,1.0,mask_179.npy
12,27.87418658116301,0.9093604999855129,12,1.0,mask_179.npy
1,1.7320505049483723,2.792052453570663,1,1.0,mask_179.npy
1,1.7320505049483723,2.792052453570663,1,1.0,mask_179.npy
1,1.7320505049483723,2.792052453570663,1,1.0,mask_179.npy
5,12.853005142201933,1.100169107983351,9,0.5555555555555556,mask_179.npy
1,1.7320505049483723,2.792052453570663,1,1.0,mask_179.npy
1,1.7320505049483723,2.792052453570663,1,1.0,mask_179.npy
3,7.388903958619887,1.3613974705386944,3,1.0,mask_179.npy
22,50.58313555583388,0.7506315793761889,120,0.18333333333333332,mask_179.npy
1,1.7320505049483723,2.792052453570663,1,1.0,mask_179.npy
1,1.7320505049483723,2.792052453570663,1,1.0,mask_179.npy
1,1.7320505049483723,2.792052453570663,1,1.0,mask_179.npy
2,4.5604772317841284,1.6832960193744535,2,1.0,mask_179.npy
170980,23406.931425791794,0.636458147181171,474192,0.3605712454027061,mask_182.npy
3,7.292527823575153,1.3793893424443504,4,0.75,mask_182.npy
130282,17717.767416649716,0.7014521856290844,324632,0.4013221124226817,mask_192.npy
1,1.7320505049483723,2.792052453570663,1,1.0,mask_192.npy
1,1.7320505049483723,2.792052453570663,1,1.0,mask_192.npy
1,1.7320505049483723,2.792052453570663,1,1.0,mask_192.npy
1,1.7320505049483723,2.792052453570663,1,1.0,mask_192.npy
1,1.7320505049483723,2.792052453570663,1,1.0,mask_192.npy
1,1.7320505049483723,2.792052453570663,1,1.0,mask_192.npy
167619,30382.264135200036,0.48388944944457085,504100,0.33251140646697086,mask_195.npy
19,37.28973436972445,0.9234156600625038,30,0.6333333333333333,mask_195.npy
1,1.7320505049483723,2.792052453570663,1,1.0,mask_195.npy
2,4.5604772317841284,1.6832960193744535,2,1.0,mask_195.npy
2,4.560477231784128,1.6832960193744537,2,1.0,mask_195.npy
45,77.71239855014062,0.7872913627865129,140,0.32142857142857145,mask_195.npy
9,20.754564831344105,1.0081662755739018,16,0.5625,mask_195.npy
1,1.7320505049483723,2.792052453570663,1,1.0,mask_195.npy
1,1.7320505049483723,2.792052453570663,1,1.0,mask_195.npy
1,1.7320505049483723,2.792052453570663,1,1.0,mask_195.npy
1,1.7320505049483723,2.792052453570663,1,1.0,mask_195.npy
1,1.7320505049483723,2.792052453570663,1,1.0,mask_195.npy
1,1.7320505049483723,2.792052453570663,1,1.0,mask_195.npy
36600,18317.328035424947,0.2910333276674866,255150,0.14344503233392122,mask_20.npy
1,1.7320505049483723,2.792052453570663,1,1.0,mask_20.npy
1,1.7320505049483723,2.792052453570663,1,1.0,mask_20.npy
1,1.7320505049483723,2.792052453570663,1,1.0,mask_20.npy
1,1.7320505049483723,2.792052453570663,1,1.0,mask_20.npy
6,14.217331499467603,1.1231390696978247,6,1.0,mask_20.npy
1,1.7320505049483723,2.792052453570663,1,1.0,mask_20.npy
1,1.7320505049483723,2.792052453570663,1,1.0,mask_20.npy
2,4.5604772317841284,1.6832960193744535,2,1.0,mask_20.npy
1,1.7320505049483723,2.792052453570663,1,1.0,mask_20.npy
3,7.292527823575153,1.3793893424443504,4,0.75,mask_20.npy
5,12.853005142201933,1.100169107983351,8,0.625,mask_20.npy
1,1.7320505049483723,2.792052453570663,1,1.0,mask_20.npy
83,159.68369413774502,0.5762473594624715,540,0.1537037037037037,mask_20.npy
3,7.388903958619887,1.3613974705386944,3,1.0,mask_20.npy
2,4.560477231784128,1.6832960193744537,2,1.0,mask_20.npy
8,22.729378575332433,0.8510528954447983,20,0.4,mask_20.npy
2,4.560477231784128,1.6832960193744537,2,1.0,mask_20.npy
3,7.388903958619887,1.3613974705386944,3,1.0,mask_20.npy
1,1.7320505049483723,2.792052453570663,1,1.0,mask_20.npy
1,1.7320505049483723,2.792052453570663,1,1.0,mask_20.npy
9,22.317107139795922,0.937579059691901,15,0.6,mask_20.npy
2,4.5604772317841284,1.6832960193744535,2,1.0,mask_20.npy
1,1.7320505049483723,2.792052453570663,1,1.0,mask_20.npy
2,4.560477231784128,1.6832960193744537,2,1.0,mask_20.npy
1,1.7320505049483723,2.792052453570663,1,1.0,mask_20.npy
3,7.388903958619887,1.3613974705386944,3,1.0,mask_20.npy
1,1.7320505049483723,2.792052453570663,1,1.0,mask_20.npy
1,1.7320505049483723,2.792052453570663,1,1.0,mask_20.npy
1,1.7320505049483723,2.792052453570663,1,1.0,mask_20.npy
3,7.292527823575153,1.3793893424443504,4,0.75,mask_20.npy
27,60.72940078143871,0.7166838829035054,96,0.28125,mask_20.npy
4,10.024578415366177,1.215601800478707,6,0.6666666666666666,mask_20.npy
1,1.7320505049483723,2.792052453570663,1,1.0,mask_20.npy
1,1.7320505049483723,2.792052453570663,1,1.0,mask_20.npy
2,4.5604772317841284,1.6832960193744535,2,1.0,mask_20.npy
1,1.7320505049483723,2.792052453570663,1,1.0,mask_20.npy
1,1.7320505049483723,2.792052453570663,1,1.0,mask_20.npy
1,1.7320505049483723,2.792052453570663,1,1.0,mask_20.npy
1,1.7320505049483723,2.792052453570663,1,1.0,mask_20.npy
2,4.5604772317841284,1.6832960193744535,2,1.0,mask_20.npy
3,7.292527823575153,1.3793893424443504,4,0.75,mask_20.npy
1,1.7320505049483723,2.792052453570663,1,1.0,mask_20.npy
1,1.7320505049483723,2.792052453570663,1,1.0,mask_20.npy
1,1.7320505049483723,2.792052453570663,1,1.0,mask_20.npy
1,1.7320505049483723,2.792052453570663,1,1.0,mask_20.npy
39,93.12290064303983,0.5972241587157827,70,0.5571428571428572,mask_20.npy
1,1.7320505049483723,2.792052453570663,1,1.0,mask_20.npy
1,1.7320505049483723,2.792052453570663,1,1.0,mask_20.npy
2,4.5604772317841284,1.6832960193744535,2,1.0,mask_20.npy
1,1.7320505049483723,2.792052453570663,1,1.0,mask_20.npy
4,10.217330685455645,1.192669195693716,4,1.0,mask_20.npy
7,17.681432276043665,1.0008416631217798,12,0.5833333333333334,mask_20.npy
2,4.5604772317841284,1.6832960193744535,2,1.0,mask_20.npy
2,4.5604772317841284,1.6832960193744535,2,1.0,mask_20.npy
144142,23194.094188119052,0.5731923741555099,434520,0.33172696308570376,mask_200.npy
1664,1698.6632886680466,0.39977199871179514,11025,0.1509297052154195,mask_202.npy
1,1.7320505049483723,2.792052453570663,1,1.0,mask_202.npy
86297,23978.028039643883,0.39385327367555306,357280,0.24153884908195253,mask_202.npy
1,1.7320505049483723,2.792052453570663,1,1.0,mask_202.npy
1,1.7320505049483723,2.792052453570663,1,1.0,mask_202.npy
1,1.7320505049483723,2.792052453570663,1,1.0,mask_202.npy
1,1.7320505049483723,2.792052453570663,1,1.0,mask_202.npy
12,25.486615830141105,0.9945488414416742,24,0.5,mask_202.npy
1,1.7320505049483723,2.792052453570663,1,1.0,mask_202.npy
3,7.292527823575153,1.3793893424443504,4,0.75,mask_202.npy
1,1.7320505049483723,2.792052453570663,1,1.0,mask_202.npy
1,1.7320505049483723,2.792052453570663,1,1.0,mask_202.npy
1,1.7320505049483723,2.792052453570663,1,1.0,mask_202.npy
1,1.7320505049483723,2.792052453570663,1,1.0,mask_202.npy
5,11.779873567541493,1.2003931214647916,8,0.625,mask_202.npy
1,1.7320505049483723,2.792052453570663,1,1.0,mask_202.npy
2,4.560477231784128,1.6832960193744537,2,1.0,mask_202.npy
1,1.7320505049483723,2.792052453570663,1,1.0,mask_202.npy
2,4.560477231784128,1.6832960193744537,2,1.0,mask_202.npy
1,1.7320505049483723,2.792052453570663,1,1.0,mask_202.npy
1,1.7320505049483723,2.792052453570663,1,1.0,mask_202.npy
1,0.8660252524741862,5.584104907141326,1,1.0,mask_202.npy
1,1.7320505049483723,2.792052453570663,1,1.0,mask_202.npy
1,1.7320505049483723,2.792052453570663,1,1.0,mask_202.npy
9,12.231685518751418,1.7106434182841181,12,0.75,mask_202.npy
1,1.7320505049483723,2.792052453570663,1,1.0,mask_202.npy
2,4.5604772317841284,1.6832960193744535,2,1.0,mask_202.npy
1,1.7320505049483723,2.792052453570663,1,1.0,mask_202.npy
1,1.7320505049483723,2.792052453570663,1,1.0,mask_202.npy
1,1.7320505049483723,2.792052453570663,1,1.0,mask_202.npy
1,1.7320505049483723,2.792052453570663,1,1.0,mask_202.npy
2,4.5604772317841284,1.6832960193744535,2,1.0,mask_202.npy
1,1.7320505049483723,2.792052453570663,1,1.0,mask_202.npy
2,4.5604772317841284,1.6832960193744535,2,1.0,mask_202.npy
1,1.7320505049483723,2.792052453570663,1,1.0,mask_202.npy
1,1.7320505049483723,2.792052453570663,1,1.0,mask_202.npy
1,1.7320505049483723,2.792052453570663,1,1.0,mask_202.npy
2,4.560477231784128,1.6832960193744537,2,1.0,mask_202.npy
2,4.560477231784128,1.6832960193744537,2,1.0,mask_202.npy
1,1.7320505049483723,2.792052453570663,1,1.0,mask_202.npy
1,1.7320505049483723,2.792052453570663,1,1.0,mask_202.npy
1,1.7320505049483723,2.792052453570663,1,1.0,mask_202.npy
1,1.7320505049483723,2.792052453570663,1,1.0,mask_202.npy
1,1.7320505049483723,2.792052453570663,1,1.0,mask_202.npy
7,17.4886800059542,1.0118724843444884,12,0.5833333333333334,mask_202.npy
2,4.560477231784128,1.6832960193744537,2,1.0,mask_202.npy
3,7.292527823575153,1.3793893424443504,4,0.75,mask_202.npy
2,4.560477231784128,1.6832960193744537,2,1.0,mask_202.npy
2,4.560477231784128,1.6832960193744537,2,1.0,mask_202.npy
1,1.7320505049483723,2.792052453570663,1,1.0,mask_202.npy
3,7.388903958619887,1.3613974705386944,3,1.0,mask_202.npy
5,7.451446277680059,1.8976825001822648,12,0.4166666666666667,mask_202.npy
3,7.292527823575153,1.3793893424443504,4,0.75,mask_202.npy
1,1.7320505049483723,2.792052453570663,1,1.0,mask_202.npy
1,1.7320505049483723,2.792052453570663,1,1.0,mask_202.npy
1,1.7320505049483723,2.792052453570663,1,1.0,mask_202.npy
1,1.7320505049483723,2.792052453570663,1,1.0,mask_202.npy
13,37.57349419171243,0.7115926298798986,60,0.21666666666666667,mask_202.npy
1,1.7320505049483723,2.792052453570663,1,1.0,mask_202.npy
1,1.7320505049483723,2.792052453570663,1,1.0,mask_202.npy
2,4.560477231784128,1.6832960193744537,2,1.0,mask_202.npy
1,1.7320505049483723,2.792052453570663,1,1.0,mask_202.npy
1,1.7320505049483723,2.792052453570663,1,1.0,mask_202.npy
1,1.7320505049483723,2.792052453570663,1,1.0,mask_202.npy
3,7.388903958619887,1.3613974705386944,3,1.0,mask_202.npy
1,1.7320505049483723,2.792052453570663,1,1.0,mask_202.npy
1,1.7320505049483723,2.792052453570663,1,1.0,mask_202.npy
8,19.731320088083894,0.980365396833219,24,0.3333333333333333,mask_202.npy
1,1.7320505049483723,2.792052453570663,1,1.0,mask_202.npy
2,4.560477231784128,1.6832960193744537,2,1.0,mask_202.npy
1,1.7320505049483723,2.792052453570663,1,1.0,mask_202.npy
2,4.560477231784128,1.6832960193744537,2,1.0,mask_202.npy
1,1.7320505049483723,2.792052453570663,1,1.0,mask_202.npy
1,1.7320505049483723,2.792052453570663,1,1.0,mask_202.npy
1,1.7320505049483723,2.792052453570663,1,1.0,mask_202.npy
1,1.7320505049483723,2.792052453570663,1,1.0,mask_202.npy
8,18.949382498264594,1.0208197259182017,9,0.8888888888888888,mask_202.npy
2,4.5604772317841284,1.6832960193744535,2,1.0,mask_202.npy
1,1.7320505049483723,2.792052453570663,1,1.0,mask_202.npy
2,4.560477231784128,1.6832960193744537,2,1.0,mask_202.npy
31021,9208.22466980622,0.5184960035284842,127088,0.24409070880020142,mask_204.npy
1,1.7320505049483723,2.792052453570663,1,1.0,mask_204.npy
1,1.7320505049483723,2.792052453570663,1,1.0,mask_204.npy
1,1.7320505049483723,2.792052453570663,1,1.0,mask_204.npy
23412,9784.964382587139,0.40446773743792497,117096,0.1999385119901619,mask_205.npy
2,4.560477231784128,1.6832960193744537,2,1.0,mask_205.npy
1,1.7320505049483723,2.792052453570663,1,1.0,mask_205.npy
1,1.7320505049483723,2.792052453570663,1,1.0,mask_205.npy
1,1.7320505049483723,2.792052453570663,1,1.0,mask_205.npy
1,1.7320505049483723,2.792052453570663,1,1.0,mask_205.npy
1,1.7320505049483723,2.792052453570663,1,1.0,mask_205.npy
2,4.560477231784128,1.6832960193744537,2,1.0,mask_205.npy
1,1.7320505049483723,2.792052453570663,1,1.0,mask_205.npy
1,1.7320505049483723,2.792052453570663,1,1.0,mask_205.npy
1,1.7320505049483723,2.792052453570663,1,1.0,mask_205.npy
1,1.7320505049483723,2.792052453570663,1,1.0,mask_205.npy
1,1.7320505049483723,2.792052453570663,1,1.0,mask_205.npy
1,1.7320505049483723,2.792052453570663,1,1.0,mask_205.npy
1,1.7320505049483723,2.792052453570663,1,1.0,mask_205.npy
1,1.7320505049483723,2.792052453570663,1,1.0,mask_205.npy
25,47.19602516494091,0.8760697933685773,125,0.2,mask_205.npy
1,1.7320505049483723,2.792052453570663,1,1.0,mask_205.npy
1,1.7320505049483723,2.792052453570663,1,1.0,mask_205.npy
163729,31752.951182255132,0.45580991542065646,507744,0.32246368248566204,mask_207.npy
1,1.7320505049483723,2.792052453570663,1,1.0,mask_207.npy
219,218.96619216103016,0.8024225687065915,693,0.31601731601731603,mask_207.npy
1,1.7320505049483723,2.792052453570663,1,1.0,mask_207.npy
2,4.5604772317841284,1.6832960193744535,2,1.0,mask_207.npy
2,4.560477231784128,1.6832960193744537,2,1.0,mask_207.npy
371,367.9814144797898,0.6785380084530266,1600,0.231875,mask_207.npy
1,1.7320505049483723,2.792052453570663,1,1.0,mask_207.npy
173621,26074.563001557915,0.5772118716832118,589680,0.29443257359924024,mask_209.npy
1,1.7320505049483723,2.792052453570663,1,1.0,mask_209.npy
1,1.7320505049483723,2.792052453570663,1,1.0,mask_209.npy
1,1.7320505049483723,2.792052453570663,1,1.0,mask_209.npy
2,4.560477231784128,1.6832960193744537,2,1.0,mask_209.npy
1,1.7320505049483723,2.792052453570663,1,1.0,mask_209.npy
1,1.7320505049483723,2.792052453570663,1,1.0,mask_209.npy
1,1.7320505049483723,2.792052453570663,1,1.0,mask_209.npy
1,1.7320505049483723,2.792052453570663,1,1.0,mask_209.npy
1,1.7320505049483723,2.792052453570663,1,1.0,mask_209.npy
1121,747.4322184793343,0.6982046204194557,3240,0.34598765432098766,mask_209.npy
1,1.7320505049483723,2.792052453570663,1,1.0,mask_209.npy
2,4.560477231784128,1.6832960193744537,2,1.0,mask_209.npy
1,1.7320505049483723,2.792052453570663,1,1.0,mask_209.npy
1,1.7320505049483723,2.792052453570663,1,1.0,mask_209.npy
5,11.779873567541491,1.2003931214647918,8,0.625,mask_209.npy
1,1.7320505049483723,2.792052453570663,1,1.0,mask_209.npy
1,1.7320505049483723,2.792052453570663,1,1.0,mask_209.npy
68110,13639.307085387421,0.5913333919486177,330330,0.2061877516422971,mask_21.npy
2,4.5604772317841284,1.6832960193744535,2,1.0,mask_21.npy
1,1.7320505049483723,2.792052453570663,1,1.0,mask_21.npy
1,1.7320505049483723,2.792052453570663,1,1.0,mask_21.npy
1,1.7320505049483723,2.792052453570663,1,1.0,mask_21.npy
1,1.7320505049483723,2.792052453570663,1,1.0,mask_21.npy
1,1.7320505049483723,2.792052453570663,1,1.0,mask_21.npy
1,1.7320505049483723,2.792052453570663,1,1.0,mask_21.npy
183919,31084.1571535547,0.5031483966993521,616420,0.2983663735764576,mask_211.npy
1,1.7320505049483723,2.792052453570663,1,1.0,mask_211.npy
48,70.05214581499834,0.9117802338884999,80,0.6,mask_211.npy
1,1.7320505049483723,2.792052453570663,1,1.0,mask_211.npy
1,1.7320505049483723,2.792052453570663,1,1.0,mask_211.npy
1,1.7320505049483723,2.792052453570663,1,1.0,mask_211.npy
1,1.7320505049483723,2.792052453570663,1,1.0,mask_211.npy
1,1.7320505049483723,2.792052453570663,1,1.0,mask_211.npy
1,1.7320505049483723,2.792052453570663,1,1.0,mask_211.npy
13,26.609635632288896,1.0047872099839754,36,0.3611111111111111,mask_211.npy
14,31.38817453864327,0.8949595829711878,24,0.5833333333333334,mask_211.npy
1,0.8660252524741862,5.584104907141326,1,1.0,mask_211.npy
1,1.7320505049483723,2.792052453570663,1,1.0,mask_211.npy
8,19.585056548004903,0.9876868826384964,12,0.6666666666666666,mask_211.npy
2,2.280238615892064,3.3665920387489074,2,1.0,mask_211.npy
1,1.7320505049483723,2.792052453570663,1,1.0,mask_211.npy
4,10.024578415366175,1.2156018004787073,6,0.6666666666666666,mask_211.npy
1,1.7320505049483723,2.792052453570663,1,1.0,mask_211.npy
1,1.7320505049483723,2.792052453570663,1,1.0,mask_211.npy
4,9.388904365625867,1.2979038976446955,4,1.0,mask_211.npy
2,4.560477231784128,1.6832960193744537,2,1.0,mask_218.npy
76696,17652.863124489653,0.49452028808720844,277200,0.2766810966810967,mask_218.npy
37,67.28827371299336,0.7980177548691546,210,0.1761904761904762,mask_218.npy
1,1.7320505049483723,2.792052453570663,1,1.0,mask_218.npy
5,12.12095495741689,1.166614285085605,6,0.8333333333333334,mask_218.npy
1,1.7320505049483723,2.792052453570663,1,1.0,mask_218.npy
1,1.7320505049483723,2.792052453570663,1,1.0,mask_218.npy
1,1.7320505049483723,2.792052453570663,1,1.0,mask_218.npy
23,44.1194943581878,0.8864865594079328,90,0.25555555555555554,mask_218.npy
5,13.045757412291403,1.083914007850468,5,1.0,mask_218.npy
3,7.388903958619887,1.3613974705386944,3,1.0,mask_218.npy
80,108.15179364509343,0.8301891556073256,294,0.272108843537415,mask_218.npy
24,48.85154555642581,0.8236574744763868,120,0.2,mask_218.npy
172,282.9935707816521,0.5285180857645154,1980,0.08686868686868687,mask_218.npy
1,1.7320505049483723,2.792052453570663,1,1.0,mask_218.npy
1,1.7320505049483723,2.792052453570663,1,1.0,mask_218.npy
1,1.7320505049483723,2.792052453570663,1,1.0,mask_218.npy
23,58.162511437236965,0.6724492768613088,180,0.12777777777777777,mask_218.npy
31,72.94645786676068,0.6542158253833589,320,0.096875,mask_218.npy
12,29.73058804319546,0.8525793102143931,100,0.12,mask_218.npy
1,1.7320505049483723,2.792052453570663,1,1.0,mask_218.npy
21,46.94792073551956,0.7840563773702663,150,0.14,mask_218.npy
3,7.292527823575153,1.3793893424443504,4,0.75,mask_218.npy
71,103.87806515009936,0.7982381961352951,294,0.24149659863945577,mask_218.npy
62,91.83364003070902,0.8249167433940435,294,0.2108843537414966,mask_218.npy
73797,17383.177594330675,0.48945649455120815,274805,0.26854314877822455,mask_227.npy
3,7.388903958619887,1.3613974705386944,3,1.0,mask_227.npy
1,1.7320505049483723,2.792052453570663,1,1.0,mask_227.npy
1,1.7320505049483723,2.792052453570663,1,1.0,mask_227.npy
25,50.02651712197965,0.826501911241423,120,0.20833333333333334,mask_227.npy
76,127.91051925790102,0.6783496272583684,312,0.24358974358974358,mask_228.npy
74895,12451.67384363823,0.6900675490851051,214650,0.34891684136967155,mask_228.npy
4,10.024578415366177,1.215601800478707,6,0.6666666666666666,mask_228.npy
1,1.7320505049483723,2.792052453570663,1,1.0,mask_228.npy
1,1.7320505049483723,2.792052453570663,1,1.0,mask_228.npy
1,1.7320505049483723,2.792052453570663,1,1.0,mask_228.npy
1,1.7320505049483723,2.792052453570663,1,1.0,mask_228.npy
2,4.5604772317841284,1.6832960193744535,2,1.0,mask_228.npy
1,1.7320505049483723,2.792052453570663,1,1.0,mask_228.npy
1,1.7320505049483723,2.792052453570663,1,1.0,mask_228.npy
1,1.7320505049483723,2.792052453570663,1,1.0,mask_228.npy
1,1.7320505049483723,2.792052453570663,1,1.0,mask_228.npy
1,1.7320505049483723,2.792052453570663,1,1.0,mask_228.npy
1,1.7320505049483723,2.792052453570663,1,1.0,mask_229.npy
90721,17039.072947356577,0.573029149547147,243040,0.3732760039499671,mask_229.npy
18,35.3895085486569,0.938551114094323,60,0.3,mask_229.npy
84724,23153.574777488448,0.40290597301074593,351817,0.24081838001006206,mask_23.npy
1,1.7320505049483723,2.792052453570663,1,1.0,mask_23.npy
2,4.560477231784128,1.6832960193744537,2,1.0,mask_23.npy
1,1.7320505049483723,2.792052453570663,1,1.0,mask_23.npy
19,36.34613251374533,0.9473889598446921,36,0.5277777777777778,mask_23.npy
1,1.7320505049483723,2.792052453570663,1,1.0,mask_23.npy
2,4.560477231784128,1.6832960193744537,2,1.0,mask_23.npy
1,1.7320505049483723,2.792052453570663,1,1.0,mask_23.npy
3,7.292527823575153,1.3793893424443504,4,0.75,mask_23.npy
1,1.7320505049483723,2.792052453570663,1,1.0,mask_23.npy
1,1.7320505049483723,2.792052453570663,1,1.0,mask_23.npy
1,1.7320505049483723,2.792052453570663,1,1.0,mask_23.npy
1,1.7320505049483723,2.792052453570663,1,1.0,mask_23.npy
6,14.853005549207912,1.0750713329363277,9,0.6666666666666666,mask_23.npy
1,1.7320505049483723,2.792052453570663,1,1.0,mask_23.npy
3,7.388903958619887,1.3613974705386944,3,1.0,mask_23.npy
1,1.7320505049483723,2.792052453570663,1,1.0,mask_23.npy
4,10.005779513828477,1.21788567836395,8,0.5,mask_23.npy
1,1.7320505049483723,2.792052453570663,1,1.0,mask_23.npy
12,28.50986063090333,0.889084817856324,16,0.75,mask_23.npy
1,1.7320505049483723,2.792052453570663,1,1.0,mask_23.npy
3,7.292527823575153,1.3793893424443504,4,0.75,mask_23.npy
1,1.7320505049483723,2.792052453570663,1,1.0,mask_23.npy
1,1.7320505049483723,2.792052453570663,1,1.0,mask_23.npy
3,7.292527823575153,1.3793893424443504,4,0.75,mask_23.npy
2,2.280238615892064,3.3665920387489074,2,1.0,mask_23.npy
4,10.12095455041091,1.2040263109633629,6,0.6666666666666666,mask_23.npy
1,1.7320505049483723,2.792052453570663,1,1.0,mask_23.npy
3,7.388903958619887,1.3613974705386944,3,1.0,mask_23.npy
2,4.5604772317841284,1.6832960193744535,2,1.0,mask_23.npy
2,4.560477231784128,1.6832960193744537,2,1.0,mask_23.npy
2,4.560477231784128,1.6832960193744537,2,1.0,mask_23.npy
1,1.7320505049483723,2.792052453570663,1,1.0,mask_23.npy
1,1.7320505049483723,2.792052453570663,1,1.0,mask_23.npy
1,1.7320505049483723,2.792052453570663,1,1.0,mask_23.npy
1,1.7320505049483723,2.792052453570663,1,1.0,mask_23.npy
1,1.7320505049483723,2.792052453570663,1,1.0,mask_23.npy
4,10.120954550410909,1.204026310963363,6,0.6666666666666666,mask_23.npy
66976,13634.445468081574,0.5849599280755065,193440,0.34623655913978496,mask_231.npy
1,1.7320505049483723,2.792052453570663,1,1.0,mask_231.npy
1,1.7320505049483723,2.792052453570663,1,1.0,mask_231.npy
1,1.7320505049483723,2.792052453570663,1,1.0,mask_231.npy
1,1.7320505049483723,2.792052453570663,1,1.0,mask_231.npy
3,7.292527823575153,1.3793893424443504,4,0.75,mask_231.npy
1,1.7320505049483723,2.792052453570663,1,1.0,mask_231.npy
1,1.7320505049483723,2.792052453570663,1,1.0,mask_231.npy
4,10.217330685455645,1.192669195693716,4,1.0,mask_231.npy
1,1.7320505049483723,2.792052453570663,1,1.0,mask_231.npy
7,16.88409445971044,1.048105607781239,18,0.3888888888888889,mask_231.npy
1,1.7320505049483723,2.792052453570663,1,1.0,mask_231.npy
1,1.7320505049483723,2.792052453570663,1,1.0,mask_231.npy
2,4.5604772317841284,1.6832960193744535,2,1.0,mask_231.npy
1,1.7320505049483723,2.792052453570663,1,1.0,mask_231.npy
199669,29089.287691637714,0.5679256270919059,525350,0.3800685257447416,mask_234.npy
1,1.7320505049483723,2.792052453570663,1,1.0,mask_234.npy
1,1.7320505049483723,2.792052453570663,1,1.0,mask_234.npy
5,13.045757412291403,1.083914007850468,5,1.0,mask_234.npy
5,13.045757412291403,1.083914007850468,5,1.0,mask_234.npy
1,1.7320505049483723,2.792052453570663,1,1.0,mask_234.npy
1,1.7320505049483723,2.792052453570663,1,1.0,mask_234.npy
1,1.7320505049483723,2.792052453570663,1,1.0,mask_234.npy
2,4.560477231784128,1.6832960193744537,2,1.0,mask_234.npy
2,4.560477231784128,1.6832960193744537,2,1.0,mask_234.npy
6,7.1086657497338015,2.2462781393956495,6,1.0,mask_234.npy
1,1.7320505049483723,2.792052453570663,1,1.0,mask_234.npy
2,4.5604772317841284,1.6832960193744535,2,1.0,mask_234.npy
4,9.683497025490778,1.2584188892381578,8,0.5,mask_234.npy
1,1.7320505049483723,2.792052453570663,1,1.0,mask_234.npy
1,1.7320505049483723,2.792052453570663,1,1.0,mask_234.npy
1,1.7320505049483723,2.792052453570663,1,1.0,mask_234.npy
1,1.7320505049483723,2.792052453570663,1,1.0,mask_234.npy
1,1.7320505049483723,2.792052453570663,1,1.0,mask_234.npy
1,1.7320505049483723,2.792052453570663,1,1.0,mask_234.npy
1,1.7320505049483723,2.792052453570663,1,1.0,mask_234.npy
5,12.120954957416892,1.1666142850856047,6,0.8333333333333334,mask_234.npy
2,4.5604772317841284,1.6832960193744535,2,1.0,mask_234.npy
9,21.14553322737171,0.989525877743686,20,0.45,mask_234.npy
24,49.5337083361766,0.8123143206681149,120,0.2,mask_234.npy
1,1.7320505049483723,2.792052453570663,1,1.0,mask_234.npy
2,4.5604772317841284,1.6832960193744535,2,1.0,mask_234.npy
1,1.7320505049483723,2.792052453570663,1,1.0,mask_234.npy
1,1.7320505049483723,2.792052453570663,1,1.0,mask_234.npy
14,27.48661646127713,1.0219936540718122,24,0.5833333333333334,mask_234.npy
9,21.352640878568003,0.9799280775697907,24,0.375,mask_234.npy
1,1.7320505049483723,2.792052453570663,1,1.0,mask_234.npy
12,30.170111945586623,0.8401587734195931,75,0.16,mask_234.npy
1,1.7320505049483723,2.792052453570663,1,1.0,mask_234.npy
774,719.1092804622062,0.5669131592956088,3360,0.23035714285714284,mask_24.npy
7,17.4510822028788,1.0140525315164353,18,0.3888888888888889,mask_24.npy
4,9.388904365625867,1.2979038976446955,4,1.0,mask_24.npy
72640,15785.333105038326,0.5333524125937315,219600,0.3307832422586521,mask_24.npy
1,1.7320505049483723,2.792052453570663,1,1.0,mask_24.npy
1,1.7320505049483723,2.792052453570663,1,1.0,mask_24.npy
1,1.7320505049483723,2.792052453570663,1,1.0,mask_24.npy
2,4.560477231784128,1.6832960193744537,2,1.0,mask_24.npy
1,1.7320505049483723,2.792052453570663,1,1.0,mask_24.npy
1,1.7320505049483723,2.792052453570663,1,1.0,mask_24.npy
1,1.7320505049483723,2.792052453570663,1,1.0,mask_24.npy
1,1.7320505049483723,2.792052453570663,1,1.0,mask_24.npy
3,7.388903958619887,1.3613974705386944,3,1.0,mask_24.npy
54899,13246.783785840771,0.5273309956077914,196350,0.2795976572447161,mask_241.npy
1,1.7320505049483723,2.792052453570663,1,1.0,mask_241.npy
1,1.7320505049483723,2.792052453570663,1,1.0,mask_241.npy
1,1.7320505049483723,2.792052453570663,1,1.0,mask_241.npy
2,4.560477231784128,1.6832960193744537,2,1.0,mask_241.npy
1,1.7320505049483723,2.792052453570663,1,1.0,mask_241.npy
2,4.560477231784128,1.6832960193744537,2,1.0,mask_241.npy
1,1.7320505049483723,2.792052453570663,1,1.0,mask_241.npy
1,1.7320505049483723,2.792052453570663,1,1.0,mask_241.npy
1,1.7320505049483723,2.792052453570663,1,1.0,mask_241.npy
1,1.7320505049483723,2.792052453570663,1,1.0,mask_241.npy
1,1.7320505049483723,2.792052453570663,1,1.0,mask_241.npy
1,1.7320505049483723,2.792052453570663,1,1.0,mask_241.npy
1,1.7320505049483723,2.792052453570663,1,1.0,mask_241.npy
1,1.7320505049483723,2.792052453570663,1,1.0,mask_241.npy
1,1.7320505049483723,2.792052453570663,1,1.0,mask_241.npy
2,4.5604772317841284,1.6832960193744535,2,1.0,mask_241.npy
8,18.99926970385783,1.0181393153374638,18,0.4444444444444444,mask_241.npy
3,7.292527823575153,1.3793893424443504,4,0.75,mask_241.npy
3,7.388903958619887,1.3613974705386944,3,1.0,mask_241.npy
2,4.5604772317841284,1.6832960193744535,2,1.0,mask_241.npy
1,1.7320505049483723,2.792052453570663,1,1.0,mask_241.npy
1,1.7320505049483723,2.792052453570663,1,1.0,mask_241.npy
1,1.7320505049483723,2.792052453570663,1,1.0,mask_241.npy
1,1.7320505049483723,2.792052453570663,1,1.0,mask_241.npy
1,1.7320505049483723,2.792052453570663,1,1.0,mask_241.npy
1,1.7320505049483723,2.792052453570663,1,1.0,mask_241.npy
1,1.7320505049483723,2.792052453570663,1,1.0,mask_241.npy
1,1.7320505049483723,2.792052453570663,1,1.0,mask_241.npy
1,1.7320505049483723,2.792052453570663,1,1.0,mask_241.npy
1,1.7320505049483723,2.792052453570663,1,1.0,mask_241.npy
1,1.7320505049483723,2.792052453570663,1,1.0,mask_241.npy
1,1.7320505049483723,2.792052453570663,1,1.0,mask_241.npy
1,1.7320505049483723,2.792052453570663,1,1.0,mask_241.npy
3,7.388903958619887,1.3613974705386944,3,1.0,mask_241.npy
2,4.560477231784128,1.6832960193744537,2,1.0,mask_241.npy
3,7.388903958619887,1.3613974705386944,3,1.0,mask_241.npy
2,4.560477231784128,1.6832960193744537,2,1.0,mask_241.npy
1,1.7320505049483723,2.792052453570663,1,1.0,mask_241.npy
193648,22681.30006421684,0.7136602771617628,456000,0.4246666666666667,mask_251.npy
1,1.7320505049483723,2.792052453570663,1,1.0,mask_251.npy
14,34.80238813431513,0.8071614938295911,30,0.4666666666666667,mask_251.npy
7,17.56625723946123,1.0074037880862445,16,0.4375,mask_251.npy
1,1.7320505049483723,2.792052453570663,1,1.0,mask_251.npy
2,4.560477231784128,1.6832960193744537,2,1.0,mask_251.npy
3,7.292527823575153,1.3793893424443504,4,0.75,mask_251.npy
1,1.7320505049483723,2.792052453570663,1,1.0,mask_251.npy
1,1.7320505049483723,2.792052453570663,1,1.0,mask_251.npy
15,35.6431042061667,0.8252194272577645,60,0.25,mask_251.npy
1,1.7320505049483723,2.792052453570663,1,1.0,mask_251.npy
1,1.7320505049483723,2.792052453570663,1,1.0,mask_251.npy
2,4.560477231784128,1.6832960193744537,2,1.0,mask_251.npy
2,4.560477231784128,1.6832960193744537,2,1.0,mask_251.npy
4,9.388904365625867,1.2979038976446955,4,1.0,mask_251.npy
1,1.7320505049483723,2.792052453570663,1,1.0,mask_251.npy
1,1.7320505049483723,2.792052453570663,1,1.0,mask_251.npy
1,1.7320505049483723,2.792052453570663,1,1.0,mask_251.npy
1,1.7320505049483723,2.792052453570663,1,1.0,mask_251.npy
4,5.10866534272782,2.3853383913874335,4,1.0,mask_251.npy
4,10.217330685455645,1.192669195693716,4,1.0,mask_251.npy
2,4.560477231784128,1.6832960193744537,2,1.0,mask_251.npy
9,19.957226640817872,1.0484448918557643,18,0.5,mask_251.npy
1,1.7320505049483723,2.792052453570663,1,1.0,mask_251.npy
1,1.7320505049483723,2.792052453570663,1,1.0,mask_251.npy
1,1.7320505049483723,2.792052453570663,1,1.0,mask_251.npy
2,4.5604772317841284,1.6832960193744535,2,1.0,mask_251.npy
1,1.7320505049483723,2.792052453570663,1,1.0,mask_251.npy
1,1.7320505049483723,2.792052453570663,1,1.0,mask_251.npy
1,1.7320505049483723,2.792052453570663,1,1.0,mask_251.npy
2,4.5604772317841284,1.6832960193744535,2,1.0,mask_251.npy
1,1.7320505049483723,2.792052453570663,1,1.0,mask_251.npy
1,1.7320505049483723,2.792052453570663,1,1.0,mask_251.npy
1,1.7320505049483723,2.792052453570663,1,1.0,mask_251.npy
3,7.292527823575153,1.3793893424443504,4,0.75,mask_251.npy
1,1.7320505049483723,2.792052453570663,1,1.0,mask_251.npy
2,4.5604772317841284,1.6832960193744535,2,1.0,mask_251.npy
2,4.560477231784128,1.6832960193744537,2,1.0,mask_251.npy
81973,14138.52071988874,0.6454471757365453,245916,0.3333373997625205,mask_256.npy
1,1.7320505049483723,2.792052453570663,1,1.0,mask_256.npy
44,92.19809041878263,0.6537283450611776,180,0.24444444444444444,mask_256.npy
1,1.7320505049483723,2.792052453570663,1,1.0,mask_256.npy
1,1.7320505049483723,2.792052453570663,1,1.0,mask_256.npy
1,1.7320505049483723,2.792052453570663,1,1.0,mask_256.npy
1,1.7320505049483723,2.792052453570663,1,1.0,mask_256.npy
1,1.7320505049483723,2.792052453570663,1,1.0,mask_256.npy
63701,12514.473091022835,0.6163618108081917,225150,0.2829269375971574,mask_261.npy
2,4.560477231784128,1.6832960193744537,2,1.0,mask_261.npy
176,180.88935095114428,0.8396138021929311,550,0.32,mask_261.npy
25378,5019.485737623736,0.8320124569361504,51414,0.49360096471778114,mask_263.npy
1,1.7320505049483723,2.792052453570663,1,1.0,mask_263.npy
53270,9735.1760372937,0.7032808305122865,148176,0.35950491307634164,mask_265.npy
1,1.7320505049483723,2.792052453570663,1,1.0,mask_265.npy
2,4.5604772317841284,1.6832960193744535,2,1.0,mask_265.npy
1,1.7320505049483723,2.792052453570663,1,1.0,mask_265.npy
193297,25068.367465770167,0.6449234196531877,501364,0.3855422407671871,mask_271.npy
3,7.388903958619887,1.3613974705386944,3,1.0,mask_271.npy
1,1.7320505049483723,2.792052453570663,1,1.0,mask_271.npy
3,7.388903958619887,1.3613974705386944,3,1.0,mask_271.npy
3,7.388903958619887,1.3613974705386944,3,1.0,mask_271.npy
6,15.777808004082425,1.0120569644253483,10,0.6,mask_271.npy
5,13.045757412291403,1.083914007850468,5,1.0,mask_271.npy
43,69.00121166683638,0.860213745272601,105,0.4095238095238095,mask_271.npy
6,15.874184139127161,1.005912513924991,6,1.0,mask_271.npy
1,1.7320505049483723,2.792052453570663,1,1.0,mask_271.npy
19,39.04842804686056,0.8818261425338728,54,0.35185185185185186,mask_271.npy
1,1.7320505049483723,2.792052453570663,1,1.0,mask_271.npy
99,122.94573758047704,0.8417712928808712,270,0.36666666666666664,mask_271.npy
1,1.7320505049483723,2.792052453570663,1,1.0,mask_271.npy
1,1.7320505049483723,2.792052453570663,1,1.0,mask_271.npy
1,1.7320505049483723,2.792052453570663,1,1.0,mask_271.npy
6,14.217331499467603,1.1231390696978247,6,1.0,mask_271.npy
1,1.7320505049483723,2.792052453570663,1,1.0,mask_271.npy
3,7.292527823575153,1.3793893424443504,4,0.75,mask_271.npy
1,1.7320505049483723,2.792052453570663,1,1.0,mask_271.npy
1,1.7320505049483723,2.792052453570663,1,1.0,mask_271.npy
24,57.09491889377477,0.7047376792343775,42,0.5714285714285714,mask_271.npy
1,1.7320505049483723,2.792052453570663,1,1.0,mask_271.npy
190039,29257.785432167813,0.5463502735542115,611793,0.3106263066102424,mask_273.npy
1,1.7320505049483723,2.792052453570663,1,1.0,mask_273.npy
1,1.7320505049483723,2.792052453570663,1,1.0,mask_273.npy
43,66.6580641914919,0.8904517620818168,120,0.35833333333333334,mask_273.npy
3,7.388903958619887,1.3613974705386944,3,1.0,mask_273.npy
1,1.7320505049483723,2.792052453570663,1,1.0,mask_275.npy
56292,12824.306293330565,0.553878739363745,190512,0.295477450239355,mask_275.npy
1,1.7320505049483723,2.792052453570663,1,1.0,mask_275.npy
1,1.7320505049483723,2.792052453570663,1,1.0,mask_275.npy
2,4.560477231784128,1.6832960193744537,2,1.0,mask_275.npy
3,7.388903958619887,1.3613974705386944,3,1.0,mask_275.npy
11,25.19542184529997,0.9493454657754953,30,0.36666666666666664,mask_275.npy
24,48.12156047646983,0.8361520332855507,50,0.48,mask_275.npy
7,17.68143227604366,1.00084166312178,10,0.7,mask_275.npy
2,4.560477231784128,1.6832960193744537,2,1.0,mask_275.npy
1,1.7320505049483723,2.792052453570663,1,1.0,mask_275.npy
48,100.04636365367396,0.6384256215117813,180,0.26666666666666666,mask_275.npy
1,1.7320505049483723,2.792052453570663,1,1.0,mask_275.npy
1,1.7320505049483723,2.792052453570663,1,1.0,mask_275.npy
2,4.560477231784128,1.6832960193744537,2,1.0,mask_275.npy
2,4.560477231784128,1.6832960193744537,2,1.0,mask_275.npy
1,1.7320505049483723,2.792052453570663,1,1.0,mask_275.npy
2,4.5604772317841284,1.6832960193744535,2,1.0,mask_275.npy
1,1.7320505049483723,2.792052453570663,1,1.0,mask_275.npy
1,1.7320505049483723,2.792052453570663,1,1.0,mask_275.npy
3,7.388903958619887,1.3613974705386944,3,1.0,mask_275.npy
94,130.23959970273316,0.7676436130084748,270,0.34814814814814815,mask_275.npy
1,1.7320505049483723,2.792052453570663,1,1.0,mask_275.npy
1,1.7320505049483723,2.792052453570663,1,1.0,mask_275.npy
2,4.5604772317841284,1.6832960193744535,2,1.0,mask_275.npy
2,4.5604772317841284,1.6832960193744535,2,1.0,mask_275.npy
1,1.7320505049483723,2.792052453570663,1,1.0,mask_275.npy
1,1.7320505049483723,2.792052453570663,1,1.0,mask_275.npy
1,1.7320505049483723,2.792052453570663,1,1.0,mask_275.npy
1,1.7320505049483723,2.792052453570663,1,1.0,mask_275.npy
1,1.7320505049483723,2.792052453570663,1,1.0,mask_275.npy
94529,18348.770838827324,0.5469158673813403,259128,0.36479654842394493,mask_277.npy
97,146.1996237771682,0.6983165887316706,360,0.26944444444444443,mask_277.npy
47,94.11461519939532,0.6692046636476137,144,0.3263888888888889,mask_277.npy
1,1.7320505049483723,2.792052453570663,1,1.0,mask_277.npy
1,1.7320505049483723,2.792052453570663,1,1.0,mask_277.npy
1,1.7320505049483723,2.792052453570663,1,1.0,mask_277.npy
1,1.7320505049483723,2.792052453570663,1,1.0,mask_277.npy
1,1.7320505049483723,2.792052453570663,1,1.0,mask_277.npy
2,4.560477231784128,1.6832960193744537,2,1.0,mask_277.npy
1,1.7320505049483723,2.792052453570663,1,1.0,mask_277.npy
62344,17525.91419709086,0.43384362361137485,277095,0.22499142893231563,mask_28.npy
1,1.7320505049483723,2.792052453570663,1,1.0,mask_28.npy
1,1.7320505049483723,2.792052453570663,1,1.0,mask_28.npy
1,1.7320505049483723,2.792052453570663,1,1.0,mask_28.npy
1,1.7320505049483723,2.792052453570663,1,1.0,mask_28.npy
1,1.7320505049483723,2.792052453570663,1,1.0,mask_28.npy
1,1.7320505049483723,2.792052453570663,1,1.0,mask_28.npy
1,1.7320505049483723,2.792052453570663,1,1.0,mask_28.npy
183651,24607.208315522465,0.6349662522252237,543678,0.3377936940615585,mask_283.npy
42,89.46072251032217,0.6531574979988506,231,0.18181818181818182,mask_283.npy
45,69.97116995584564,0.8743929849759137,75,0.6,mask_283.npy
1,1.7320505049483723,2.792052453570663,1,1.0,mask_283.npy
1383,1103.5976786717983,0.5439447627297037,6992,0.1977974828375286,mask_283.npy
2,4.5604772317841284,1.6832960193744535,2,1.0,mask_283.npy
1,1.7320505049483723,2.792052453570663,1,1.0,mask_283.npy
11,27.14553427363766,0.8811452832728158,20,0.55,mask_283.npy
2,4.5604772317841284,1.6832960193744535,2,1.0,mask_283.npy
1,1.7320505049483723,2.792052453570663,1,1.0,mask_283.npy
1,1.7320505049483723,2.792052453570663,1,1.0,mask_283.npy
1,1.7320505049483723,2.792052453570663,1,1.0,mask_283.npy
1,1.7320505049483723,2.792052453570663,1,1.0,mask_283.npy
1,1.7320505049483723,2.792052453570663,1,1.0,mask_283.npy
3,7.388903958619887,1.3613974705386944,3,1.0,mask_283.npy
1,1.7320505049483723,2.792052453570663,1,1.0,mask_283.npy
1,1.7320505049483723,2.792052453570663,1,1.0,mask_283.npy
1,1.7320505049483723,2.792052453570663,1,1.0,mask_283.npy
1,1.7320505049483723,2.792052453570663,1,1.0,mask_283.npy
2,4.5604772317841284,1.6832960193744535,2,1.0,mask_283.npy
17,40.70601322028835,0.7854613796846024,28,0.6071428571428571,mask_283.npy
4,10.12095455041091,1.2040263109633629,6,0.6666666666666666,mask_283.npy
8,21.145533052619726,0.9147985723538481,20,0.4,mask_283.npy
1,1.7320505049483723,2.792052453570663,1,1.0,mask_283.npy
1,1.7320505049483723,2.792052453570663,1,1.0,mask_283.npy
1,1.7320505049483723,2.792052453570663,1,1.0,mask_283.npy
1,1.7320505049483723,2.792052453570663,1,1.0,mask_283.npy
1,1.7320505049483723,2.792052453570663,1,1.0,mask_283.npy
6,15.681431869037691,1.018276940986864,12,0.5,mask_283.npy
113253,16221.969417047456,0.6978258011804265,384475,0.2945653163404643,mask_284.npy
1,1.7320505049483723,2.792052453570663,1,1.0,mask_284.npy
11,23.82769701245154,1.0038384941120013,16,0.6875,mask_284.npy
3,7.292527823575153,1.3793893424443504,4,0.75,mask_284.npy
1,1.7320505049483723,2.792052453570663,1,1.0,mask_284.npy
1,1.7320505049483723,2.792052453570663,1,1.0,mask_284.npy
1,1.7320505049483723,2.792052453570663,1,1.0,mask_284.npy
3,7.388903958619887,1.3613974705386944,3,1.0,mask_284.npy
4,10.024578415366175,1.2156018004787073,6,0.6666666666666666,mask_284.npy
2,4.560477231784128,1.6832960193744537,2,1.0,mask_284.npy
1,1.7320505049483723,2.792052453570663,1,1.0,mask_284.npy
2,4.560477231784128,1.6832960193744537,2,1.0,mask_284.npy
1,1.7320505049483723,2.792052453570663,1,1.0,mask_284.npy
4,9.388904365625867,1.2979038976446955,4,1.0,mask_284.npy
1,1.7320505049483723,2.792052453570663,1,1.0,mask_284.npy
25256,5955.617410154869,0.6989836966953796,66378,0.38048751092229355,mask_294.npy
1,1.7320505049483723,2.792052453570663,1,1.0,mask_294.npy
5,14.198070615517237,0.9959437155318435,8,0.625,mask_294.npy
1,1.7320505049483723,2.792052453570663,1,1.0,mask_294.npy
2,4.560477231784128,1.6832960193744537,2,1.0,mask_294.npy
4,10.120954550410909,1.204026310963363,6,0.6666666666666666,mask_294.npy
7,17.68143227604366,1.00084166312178,10,0.7,mask_294.npy
1,1.7320505049483723,2.792052453570663,1,1.0,mask_294.npy
4,10.12095455041091,1.2040263109633629,6,0.6666666666666666,mask_294.npy
2,4.560477231784128,1.6832960193744537,2,1.0,mask_294.npy
1,1.7320505049483723,2.792052453570663,1,1.0,mask_294.npy
1,1.7320505049483723,2.792052453570663,1,1.0,mask_294.npy
1,1.7320505049483723,2.792052453570663,1,1.0,mask_294.npy
1,1.7320505049483723,2.792052453570663,1,1.0,mask_294.npy
1,1.7320505049483723,2.792052453570663,1,1.0,mask_294.npy
1,1.7320505049483723,2.792052453570663,1,1.0,mask_294.npy
1,1.7320505049483723,2.792052453570663,1,1.0,mask_294.npy
1,1.7320505049483723,2.792052453570663,1,1.0,mask_294.npy
1,1.7320505049483723,2.792052453570663,1,1.0,mask_294.npy
1,1.7320505049483723,2.792052453570663,1,1.0,mask_294.npy
111538,15824.392345089294,0.7081180274377711,287328,0.3881905000556855,mask_301.npy
2,3.694451979309941,2.0778814324022994,2,1.0,mask_301.npy
1,1.7320505049483723,2.792052453570663,1,1.0,mask_301.npy
1,1.7320505049483723,2.792052453570663,1,1.0,mask_301.npy
1,1.7320505049483723,2.792052453570663,1,1.0,mask_301.npy
2,4.5604772317841284,1.6832960193744535,2,1.0,mask_301.npy
1,1.7320505049483723,2.792052453570663,1,1.0,mask_301.npy
1,1.7320505049483723,2.792052453570663,1,1.0,mask_301.npy
1,1.7320505049483723,2.792052453570663,1,1.0,mask_301.npy
1,1.7320505049483723,2.792052453570663,1,1.0,mask_301.npy
1,1.7320505049483723,2.792052453570663,1,1.0,mask_303.npy
31162,8280.588748549162,0.578326541122316,116235,0.2680948079322063,mask_303.npy
1,1.7320505049483723,2.792052453570663,1,1.0,mask_303.npy
1,1.7320505049483723,2.792052453570663,1,1.0,mask_303.npy
1,1.7320505049483723,2.792052453570663,1,1.0,mask_303.npy
1,1.7320505049483723,2.792052453570663,1,1.0,mask_303.npy
1,1.7320505049483723,2.792052453570663,1,1.0,mask_303.npy
1,1.7320505049483723,2.792052453570663,1,1.0,mask_303.npy
1,1.7320505049483723,2.792052453570663,1,1.0,mask_303.npy
211620,25855.369206944117,0.664208640288648,630800,0.3354787571337984,mask_317.npy
7,18.50985859587344,0.9560480429318812,12,0.5833333333333334,mask_317.npy
1,1.7320505049483723,2.792052453570663,1,1.0,mask_317.npy
1,1.7320505049483723,2.792052453570663,1,1.0,mask_317.npy
1,1.7320505049483723,2.792052453570663,1,1.0,mask_317.npy
2,4.560477231784128,1.6832960193744537,2,1.0,mask_317.npy
1,1.7320505049483723,2.792052453570663,1,1.0,mask_317.npy
46,89.08602611122974,0.6969149146723457,280,0.16428571428571428,mask_317.npy
3,7.292527823575153,1.3793893424443504,4,0.75,mask_317.npy
1,1.7320505049483723,2.792052453570663,1,1.0,mask_317.npy
1,1.7320505049483723,2.792052453570663,1,1.0,mask_317.npy
1,0.8660252524741862,5.584104907141326,1,1.0,mask_317.npy
5,14.19807061551724,0.9959437155318432,8,0.625,mask_317.npy
1,1.7320505049483723,2.792052453570663,1,1.0,mask_317.npy
466,644.2724376461755,0.45116823656848265,3564,0.1307519640852974,mask_317.npy
1,1.7320505049483723,2.792052453570663,1,1.0,mask_317.npy
4,10.217330685455645,1.192669195693716,4,1.0,mask_317.npy
15,34.26648864582421,0.8583716394964233,50,0.3,mask_317.npy
9,23.973959779455477,0.8727824906548884,25,0.36,mask_317.npy
122607,26837.873993943107,0.4447126934223865,324972,0.37728481222997673,mask_32.npy
1,0.8660252524741862,5.584104907141326,1,1.0,mask_32.npy
1,1.7320505049483723,2.792052453570663,1,1.0,mask_32.npy
1,1.7320505049483723,2.792052453570663,1,1.0,mask_32.npy
1,1.7320505049483723,2.792052453570663,1,1.0,mask_32.npy
1,1.7320505049483723,2.792052453570663,1,1.0,mask_32.npy
1,1.7320505049483723,2.792052453570663,1,1.0,mask_32.npy
1,1.7320505049483723,2.792052453570663,1,1.0,mask_32.npy
1,1.7320505049483723,2.792052453570663,1,1.0,mask_32.npy
2,4.5604772317841284,1.6832960193744535,2,1.0,mask_32.npy
2,4.5604772317841284,1.6832960193744535,2,1.0,mask_32.npy
1,1.7320505049483723,2.792052453570663,1,1.0,mask_32.npy
224531,32880.20218340147,0.543334378986197,581400,0.38619023047815615,mask_322.npy
1,1.7320505049483723,2.792052453570663,1,1.0,mask_322.npy
2,4.5604772317841284,1.6832960193744535,2,1.0,mask_322.npy
1,1.7320505049483723,2.792052453570663,1,1.0,mask_322.npy
1,1.7320505049483723,2.792052453570663,1,1.0,mask_322.npy
8,20.317106732789952,0.9520993172211052,15,0.5333333333333333,mask_322.npy
1,1.7320505049483723,2.792052453570663,1,1.0,mask_322.npy
1,1.7320505049483723,2.792052453570663,1,1.0,mask_322.npy
1,1.7320505049483723,2.792052453570663,1,1.0,mask_322.npy
1,1.7320505049483723,2.792052453570663,1,1.0,mask_322.npy
68284,15456.171019879874,0.522710847021061,239580,0.28501544369312964,mask_323.npy
1,1.7320505049483723,2.792052453570663,1,1.0,mask_323.npy
1,1.7320505049483723,2.792052453570663,1,1.0,mask_323.npy
5,12.074466027965382,1.1711059660486267,12,0.4166666666666667,mask_323.npy
1,1.7320505049483723,2.792052453570663,1,1.0,mask_323.npy
1,1.7320505049483723,2.792052453570663,1,1.0,mask_323.npy
78515,12905.028891151154,0.6871109980532012,236009,0.33267799109356,mask_345.npy
57118,10092.430488661266,0.7106738776849348,136899,0.41722729895762567,mask_360.npy
25724,5133.938632693397,0.8208411471296513,68552,0.3752479869296301,mask_365.npy
1,1.7320505049483723,2.792052453570663,1,1.0,mask_365.npy
152627,20546.78299535236,0.6721938513619995,428830,0.35591493132476737,mask_368.npy
58609,11535.429682500522,0.6325476150237253,166320,0.35238696488696486,mask_368.npy
90566,22500.73925333665,0.4334418041963355,342380,0.2645189555464688,mask_37.npy
1,1.7320505049483723,2.792052453570663,1,1.0,mask_37.npy
1,1.7320505049483723,2.792052453570663,1,1.0,mask_37.npy
7,16.24842018584008,1.0891098262557468,12,0.5833333333333334,mask_37.npy
1,1.7320505049483723,2.792052453570663,1,1.0,mask_37.npy
3,7.292527823575153,1.3793893424443504,4,0.75,mask_37.npy
4,10.12095455041091,1.2040263109633629,6,0.6666666666666666,mask_37.npy
1,1.7320505049483723,2.792052453570663,1,1.0,mask_37.npy
1,1.7320505049483723,2.792052453570663,1,1.0,mask_37.npy
1,1.7320505049483723,2.792052453570663,1,1.0,mask_37.npy
1,1.7320505049483723,2.792052453570663,1,1.0,mask_37.npy
1,1.7320505049483723,2.792052453570663,1,1.0,mask_37.npy
1,1.7320505049483723,2.792052453570663,1,1.0,mask_37.npy
1,1.7320505049483723,2.792052453570663,1,1.0,mask_37.npy
1,1.7320505049483723,2.792052453570663,1,1.0,mask_37.npy
1,1.7320505049483723,2.792052453570663,1,1.0,mask_37.npy
1,1.7320505049483723,2.792052453570663,1,1.0,mask_37.npy
1,1.7320505049483723,2.792052453570663,1,1.0,mask_37.npy
1,0.8660252524741862,5.584104907141326,1,1.0,mask_37.npy
1,1.7320505049483723,2.792052453570663,1,1.0,mask_37.npy
1,1.7320505049483723,2.792052453570663,1,1.0,mask_37.npy
5,12.7378301056195,1.1101168005030484,12,0.4166666666666667,mask_37.npy
22,46.75915456191183,0.8120185082003972,60,0.36666666666666664,mask_37.npy
1,1.7320505049483723,2.792052453570663,1,1.0,mask_37.npy
1,1.7320505049483723,2.792052453570663,1,1.0,mask_37.npy
4,10.024578415366177,1.215601800478707,6,0.6666666666666666,mask_37.npy
1,1.7320505049483723,2.792052453570663,1,1.0,mask_37.npy
6,14.834206647670213,1.0764337354303666,12,0.5,mask_37.npy
1,1.7320505049483723,2.792052453570663,1,1.0,mask_37.npy
7,16.949382091258624,1.0440683908268995,8,0.875,mask_37.npy
1,1.7320505049483723,2.792052453570663,1,1.0,mask_37.npy
1,1.7320505049483723,2.792052453570663,1,1.0,mask_37.npy
1,1.7320505049483723,2.792052453570663,1,1.0,mask_37.npy
1,1.7320505049483723,2.792052453570663,1,1.0,mask_37.npy
1,1.7320505049483723,2.792052453570663,1,1.0,mask_37.npy
1,1.7320505049483723,2.792052453570663,1,1.0,mask_41.npy
1,1.7320505049483723,2.792052453570663,1,1.0,mask_41.npy
68731,13913.05404691646,0.5832168918855014,166464,0.4128880718954248,mask_41.npy
1,1.7320505049483723,2.792052453570663,1,1.0,mask_41.npy
4,9.388904365625867,1.2979038976446955,4,1.0,mask_41.npy
1,1.7320505049483723,2.792052453570663,1,1.0,mask_41.npy
1,0.8660252524741862,5.584104907141326,1,1.0,mask_41.npy
1,1.7320505049483723,2.792052453570663,1,1.0,mask_41.npy
1,1.7320505049483723,2.792052453570663,1,1.0,mask_5.npy
138948,30238.31074801419,0.42903705083942917,530784,0.2617788026767951,mask_5.npy
4,10.024578415366175,1.2156018004787073,6,0.6666666666666666,mask_5.npy
1,1.7320505049483723,2.792052453570663,1,1.0,mask_5.npy
1,1.7320505049483723,2.792052453570663,1,1.0,mask_5.npy
1,1.7320505049483723,2.792052453570663,1,1.0,mask_5.npy
1,1.7320505049483723,2.792052453570663,1,1.0,mask_5.npy
1,1.7320505049483723,2.792052453570663,1,1.0,mask_5.npy
1,1.7320505049483723,2.792052453570663,1,1.0,mask_5.npy
1,1.7320505049483723,2.792052453570663,1,1.0,mask_5.npy
1,1.7320505049483723,2.792052453570663,1,1.0,mask_5.npy
1,1.7320505049483723,2.792052453570663,1,1.0,mask_5.npy
1,1.7320505049483723,2.792052453570663,1,1.0,mask_5.npy
1,1.7320505049483723,2.792052453570663,1,1.0,mask_5.npy
1,1.7320505049483723,2.792052453570663,1,1.0,mask_5.npy
3,7.292527823575153,1.3793893424443504,4,0.75,mask_5.npy
2,4.5604772317841284,1.6832960193744535,2,1.0,mask_5.npy
3,7.388903958619887,1.3613974705386944,3,1.0,mask_5.npy
1,1.7320505049483723,2.792052453570663,1,1.0,mask_5.npy
4,10.024578415366175,1.2156018004787073,6,0.6666666666666666,mask_5.npy
1,1.7320505049483723,2.792052453570663,1,1.0,mask_5.npy
1,1.7320505049483723,2.792052453570663,1,1.0,mask_5.npy
1,1.7320505049483723,2.792052453570663,1,1.0,mask_5.npy
1,1.7320505049483723,2.792052453570663,1,1.0,mask_5.npy
4,10.024578415366177,1.215601800478707,6,0.6666666666666666,mask_5.npy
1,1.7320505049483723,2.792052453570663,1,1.0,mask_5.npy
2,4.560477231784128,1.6832960193744537,2,1.0,mask_5.npy
1,1.7320505049483723,2.792052453570663,1,1.0,mask_5.npy
1,1.7320505049483723,2.792052453570663,1,1.0,mask_5.npy
51273,15275.659648800072,0.4369280940244615,320400,0.16002808988764045,mask_55.npy
4,10.005779513828479,1.2178856783639498,8,0.5,mask_55.npy
2,4.560477231784128,1.6832960193744537,2,1.0,mask_55.npy
586,768.8163496639884,0.44048040296831464,4600,0.12739130434782608,mask_55.npy
90353,16382.788739446556,0.5943715474472058,249696,0.36185201204664874,mask_56.npy
1,1.7320505049483723,2.792052453570663,1,1.0,mask_56.npy
1,1.7320505049483723,2.792052453570663,1,1.0,mask_56.npy
1,1.7320505049483723,2.792052453570663,1,1.0,mask_56.npy
1,1.7320505049483723,2.792052453570663,1,1.0,mask_56.npy
2,4.560477231784128,1.6832960193744537,2,1.0,mask_56.npy
1,1.7320505049483723,2.792052453570663,1,1.0,mask_56.npy
1,1.7320505049483723,2.792052453570663,1,1.0,mask_56.npy
4,10.120954550410909,1.204026310963363,6,0.6666666666666666,mask_56.npy
1,1.7320505049483723,2.792052453570663,1,1.0,mask_56.npy
1,1.7320505049483723,2.792052453570663,1,1.0,mask_56.npy
1,1.7320505049483723,2.792052453570663,1,1.0,mask_56.npy
2,4.560477231784128,1.6832960193744537,2,1.0,mask_56.npy
1,1.7320505049483723,2.792052453570663,1,1.0,mask_56.npy
87241,18823.16651919318,0.5053650421106907,253440,0.34422743055555555,mask_59.npy
1,0.8660252524741862,5.584104907141326,1,1.0,mask_59.npy
1,1.7320505049483723,2.792052453570663,1,1.0,mask_59.npy
1,1.7320505049483723,2.792052453570663,1,1.0,mask_59.npy
1,1.7320505049483723,2.792052453570663,1,1.0,mask_59.npy
1,1.7320505049483723,2.792052453570663,1,1.0,mask_59.npy
1,1.7320505049483723,2.792052453570663,1,1.0,mask_59.npy
93712,20666.041635026133,0.4827885506842351,407798,0.2298000480630116,mask_63.npy
1,1.7320505049483723,2.792052453570663,1,1.0,mask_63.npy
8,19.777808818094364,0.9780609988756813,10,0.8,mask_63.npy
1,1.7320505049483723,2.792052453570663,1,1.0,mask_63.npy
1,1.7320505049483723,2.792052453570663,1,1.0,mask_63.npy
1,1.7320505049483723,2.792052453570663,1,1.0,mask_63.npy
97,176.65542765331048,0.5779251954278265,378,0.2566137566137566,mask_63.npy
9,21.045759040315296,0.9942170433050723,9,1.0,mask_63.npy
3,7.388903958619887,1.3613974705386944,3,1.0,mask_63.npy
1,1.7320505049483723,2.792052453570663,1,1.0,mask_63.npy
1672,1420.6600590374842,0.47953259861466446,10080,0.16587301587301587,mask_63.npy
1,1.7320505049483723,2.792052453570663,1,1.0,mask_63.npy
74,128.79857977653654,0.6618011692049459,200,0.37,mask_63.npy
1,1.7320505049483723,2.792052453570663,1,1.0,mask_63.npy
130,188.05620028045098,0.6599211324344196,560,0.23214285714285715,mask_63.npy
1,1.7320505049483723,2.792052453570663,1,1.0,mask_63.npy
44,85.75920483237921,0.7028109132433924,125,0.352,mask_63.npy
30,54.11609806769793,0.8627900986462201,45,0.6666666666666666,mask_63.npy
17,32.41141985553751,0.986473330942481,24,0.7083333333333334,mask_63.npy
11,24.103490571337737,0.9923525149332294,18,0.6111111111111112,mask_63.npy
109866,22067.406403578443,0.5026994073753968,388960,0.2824609214315097,mask_66.npy
4,10.12095455041091,1.2040263109633629,6,0.6666666666666666,mask_66.npy
1,0.8660252524741862,5.584104907141326,1,1.0,mask_66.npy
1,1.7320505049483723,2.792052453570663,1,1.0,mask_66.npy
1,1.7320505049483723,2.792052453570663,1,1.0,mask_66.npy
1,1.7320505049483723,2.792052453570663,1,1.0,mask_66.npy
2,4.560477231784128,1.6832960193744537,2,1.0,mask_66.npy
1,1.7320505049483723,2.792052453570663,1,1.0,mask_66.npy
5,12.853005142201933,1.100169107983351,8,0.625,mask_66.npy
1,1.7320505049483723,2.792052453570663,1,1.0,mask_66.npy
4,9.388904365625867,1.2979038976446955,4,1.0,mask_66.npy
1,1.7320505049483723,2.792052453570663,1,1.0,mask_66.npy
1,1.7320505049483723,2.792052453570663,1,1.0,mask_66.npy
151127,26525.374297761853,0.5172700234190742,565656,0.267171213599785,mask_70.npy
1,1.7320505049483723,2.792052453570663,1,1.0,mask_70.npy
2,4.5604772317841284,1.6832960193744535,2,1.0,mask_70.npy
1,1.7320505049483723,2.792052453570663,1,1.0,mask_70.npy
1,1.7320505049483723,2.792052453570663,1,1.0,mask_70.npy
1,1.7320505049483723,2.792052453570663,1,1.0,mask_70.npy
1,1.7320505049483723,2.792052453570663,1,1.0,mask_70.npy
13,29.973961574107438,0.8920082678945621,32,0.40625,mask_70.npy
1,1.7320505049483723,2.792052453570663,1,1.0,mask_70.npy
10,24.835540780811808,0.903810058295648,30,0.3333333333333333,mask_70.npy
19,42.11816152825521,0.8175552642171796,48,0.3958333333333333,mask_70.npy
5,12.7566290071572,1.108480868595309,9,0.5555555555555556,mask_70.npy
5,12.12095495741689,1.166614285085605,6,0.8333333333333334,mask_70.npy
2,4.560477231784128,1.6832960193744537,2,1.0,mask_70.npy
4,10.024578415366177,1.215601800478707,6,0.6666666666666666,mask_70.npy
1,1.7320505049483723,2.792052453570663,1,1.0,mask_70.npy
1,1.7320505049483723,2.792052453570663,1,1.0,mask_70.npy
2,4.5604772317841284,1.6832960193744535,2,1.0,mask_70.npy
1,1.7320505049483723,2.792052453570663,1,1.0,mask_70.npy
1,1.7320505049483723,2.792052453570663,1,1.0,mask_70.npy
1,1.7320505049483723,2.792052453570663,1,1.0,mask_70.npy
3,7.388903958619887,1.3613974705386944,3,1.0,mask_70.npy
1,1.7320505049483723,2.792052453570663,1,1.0,mask_70.npy
1,1.7320505049483723,2.792052453570663,1,1.0,mask_70.npy
11,22.754565238350082,1.0511806855717691,16,0.6875,mask_70.npy
1,1.7320505049483723,2.792052453570663,1,1.0,mask_70.npy
3,7.292527823575153,1.3793893424443504,4,0.75,mask_70.npy
2,4.5604772317841284,1.6832960193744535,2,1.0,mask_70.npy
18,41.950110024871364,0.791770573567032,60,0.3,mask_70.npy
1,1.7320505049483723,2.792052453570663,1,1.0,mask_70.npy
11,27.2419104086824,0.8780279770508678,15,0.7333333333333333,mask_70.npy
2,4.5604772317841284,1.6832960193744535,2,1.0,mask_70.npy
3,7.388903958619887,1.3613974705386944,3,1.0,mask_70.npy
1,1.7320505049483723,2.792052453570663,1,1.0,mask_70.npy
1,1.7320505049483723,2.792052453570663,1,1.0,mask_70.npy
2,4.5604772317841284,1.6832960193744535,2,1.0,mask_70.npy
2,4.5604772317841284,1.6832960193744535,2,1.0,mask_70.npy
1,1.7320505049483723,2.792052453570663,1,1.0,mask_70.npy
20,47.188182120415384,0.7550995440761762,120,0.16666666666666666,mask_70.npy
1,1.7320505049483723,2.792052453570663,1,1.0,mask_70.npy
1,1.7320505049483723,2.792052453570663,1,1.0,mask_70.npy
1,1.7320505049483723,2.792052453570663,1,1.0,mask_70.npy
238,439.84364649943814,0.422250759606345,1920,0.12395833333333334,mask_70.npy
1,1.7320505049483723,2.792052453570663,1,1.0,mask_70.npy
1,1.7320505049483723,2.792052453570663,1,1.0,mask_70.npy
2,4.5604772317841284,1.6832960193744535,2,1.0,mask_70.npy
7,17.585056140998937,1.0063268461379733,12,0.5833333333333334,mask_70.npy
1,1.7320505049483723,2.792052453570663,1,1.0,mask_70.npy
1,1.7320505049483723,2.792052453570663,1,1.0,mask_70.npy
1,1.7320505049483723,2.792052453570663,1,1.0,mask_70.npy
1,1.7320505049483723,2.792052453570663,1,1.0,mask_70.npy
1,1.7320505049483723,2.792052453570663,1,1.0,mask_70.npy
2,4.560477231784128,1.6832960193744537,2,1.0,mask_70.npy
1,1.7320505049483723,2.792052453570663,1,1.0,mask_70.npy
1,1.7320505049483723,2.792052453570663,1,1.0,mask_70.npy
3,7.292527823575153,1.3793893424443504,4,0.75,mask_70.npy
1,1.7320505049483723,2.792052453570663,1,1.0,mask_70.npy
2,4.560477231784128,1.6832960193744537,2,1.0,mask_70.npy
1,1.7320505049483723,2.792052453570663,1,1.0,mask_70.npy
1,1.7320505049483723,2.792052453570663,1,1.0,mask_70.npy
1,1.7320505049483723,2.792052453570663,1,1.0,mask_70.npy
1,1.7320505049483723,2.792052453570663,1,1.0,mask_70.npy
1,1.7320505049483723,2.792052453570663,1,1.0,mask_70.npy
1,1.7320505049483723,2.792052453570663,1,1.0,mask_70.npy
1,1.7320505049483723,2.792052453570663,1,1.0,mask_70.npy
1,1.7320505049483723,2.792052453570663,1,1.0,mask_70.npy
1,1.7320505049483723,2.792052453570663,1,1.0,mask_70.npy
1,1.7320505049483723,2.792052453570663,1,1.0,mask_70.npy
1,1.7320505049483723,2.792052453570663,1,1.0,mask_70.npy
62110,18926.8618570002,0.40072508681921265,367926,0.16881111962731637,mask_73.npy
1,1.7320505049483723,2.792052453570663,1,1.0,mask_73.npy
2,4.560477231784128,1.6832960193744537,2,1.0,mask_73.npy
1,1.7320505049483723,2.792052453570663,1,1.0,mask_73.npy
1,1.7320505049483723,2.792052453570663,1,1.0,mask_73.npy
1,1.7320505049483723,2.792052453570663,1,1.0,mask_73.npy
1,1.7320505049483723,2.792052453570663,1,1.0,mask_73.npy
1,1.7320505049483723,2.792052453570663,1,1.0,mask_73.npy
1,1.7320505049483723,2.792052453570663,1,1.0,mask_73.npy
1,1.7320505049483723,2.792052453570663,1,1.0,mask_73.npy
2,2.280238615892064,3.3665920387489074,2,1.0,mask_73.npy
1,1.7320505049483723,2.792052453570663,1,1.0,mask_73.npy
2,4.5604772317841284,1.6832960193744535,2,1.0,mask_73.npy
2,4.560477231784128,1.6832960193744537,2,1.0,mask_73.npy
2,4.560477231784128,1.6832960193744537,2,1.0,mask_73.npy
1,1.7320505049483723,2.792052453570663,1,1.0,mask_73.npy
1,1.7320505049483723,2.792052453570663,1,1.0,mask_73.npy
4,9.388904365625867,1.2979038976446955,4,1.0,mask_73.npy
1,1.7320505049483723,2.792052453570663,1,1.0,mask_73.npy
8,19.58505654800491,0.9876868826384959,12,0.6666666666666666,mask_73.npy
3634,1699.485753023488,0.672599507446816,10005,0.3632183908045977,mask_75.npy
36076,8273.310468748094,0.6381905774669567,86112,0.4189427722036418,mask_75.npy
1,1.7320505049483723,2.792052453570663,1,1.0,mask_75.npy
1,1.7320505049483723,2.792052453570663,1,1.0,mask_75.npy
1,1.7320505049483723,2.792052453570663,1,1.0,mask_75.npy
2,4.5604772317841284,1.6832960193744535,2,1.0,mask_75.npy
1,1.7320505049483723,2.792052453570663,1,1.0,mask_75.npy
23,47.01156327600832,0.8319514611071765,28,0.8214285714285714,mask_75.npy
73638,16667.47991958163,0.5097401475383799,262800,0.2802054794520548,mask_82.npy
3,7.388903958619887,1.3613974705386944,3,1.0,mask_82.npy
3,7.388903958619887,1.3613974705386944,3,1.0,mask_82.npy
1,1.7320505049483723,2.792052453570663,1,1.0,mask_82.npy
2,4.560477231784128,1.6832960193744537,2,1.0,mask_82.npy
6,14.170842570016099,1.1268236447481388,12,0.5,mask_82.npy
3,7.292527823575153,1.3793893424443504,4,0.75,mask_82.npy
1,1.7320505049483723,2.792052453570663,1,1.0,mask_82.npy
30783,8456.9501719707,0.5616653696758944,78690,0.39119329012581017,mask_84.npy
1,1.7320505049483723,2.792052453570663,1,1.0,mask_84.npy
3,7.388903958619887,1.3613974705386944,3,1.0,mask_87.npy
1,1.7320505049483723,2.792052453570663,1,1.0,mask_87.npy
30170,11235.915174457685,0.41711827017147113,111813,0.26982551223918505,mask_87.npy
16,39.78550830170322,0.771801944818326,28,0.5714285714285714,mask_87.npy
2,4.560477231784128,1.6832960193744537,2,1.0,mask_87.npy
1,1.7320505049483723,2.792052453570663,1,1.0,mask_87.npy
1,1.7320505049483723,2.792052453570663,1,1.0,mask_87.npy
1,1.7320505049483723,2.792052453570663,1,1.0,mask_87.npy
2,4.560477231784128,1.6832960193744537,2,1.0,mask_87.npy
2,4.5604772317841284,1.6832960193744535,2,1.0,mask_87.npy
2,4.5604772317841284,1.6832960193744535,2,1.0,mask_87.npy
1,1.7320505049483723,2.792052453570663,1,1.0,mask_87.npy
3,7.388903958619887,1.3613974705386944,3,1.0,mask_87.npy
402,381.33134802949706,0.6907681706374463,1080,0.37222222222222223,mask_87.npy
1,1.7320505049483723,2.792052453570663,1,1.0,mask_87.npy
28,58.323493086602745,0.7645618409310513,96,0.2916666666666667,mask_87.npy
1,1.7320505049483723,2.792052453570663,1,1.0,mask_87.npy
1,1.7320505049483723,2.792052453570663,1,1.0,mask_87.npy
1,1.7320505049483723,2.792052453570663,1,1.0,mask_87.npy
1,1.7320505049483723,2.792052453570663,1,1.0,mask_87.npy
1,1.7320505049483723,2.792052453570663,1,1.0,mask_87.npy
1,1.7320505049483723,2.792052453570663,1,1.0,mask_87.npy
1,1.7320505049483723,2.792052453570663,1,1.0,mask_87.npy
4,9.683496826049758,1.2584189151565168,8,0.5,mask_87.npy
1,1.7320505049483723,2.792052453570663,1,1.0,mask_87.npy
6,14.217331499467603,1.1231390696978247,6,1.0,mask_87.npy
68088,16998.681775413468,0.47436859833497685,205770,0.3308937162851728,mask_88.npy
2,4.5604772317841284,1.6832960193744535,2,1.0,mask_88.npy
4,10.217330685455645,1.192669195693716,4,1.0,mask_88.npy
165,319.21444624038224,0.4557474176953312,480,0.34375,mask_88.npy
5,12.12095495741689,1.166614285085605,6,0.8333333333333334,mask_88.npy
60975,14156.58984838395,0.5292083412660984,261696,0.23299935803374908,mask_88.npy
1,1.7320505049483723,2.792052453570663,1,1.0,mask_88.npy
1,1.7320505049483723,2.792052453570663,1,1.0,mask_90.npy
149010,35686.345026815005,0.3808836505077228,591220,0.2520381583843578,mask_90.npy
1,1.7320505049483723,2.792052453570663,1,1.0,mask_90.npy
1,1.7320505049483723,2.792052453570663,1,1.0,mask_90.npy
14,33.241911629700326,0.8450521109692354,20,0.7,mask_90.npy
1,1.7320505049483723,2.792052453570663,1,1.0,mask_90.npy
10080,2969.6333112827174,0.759897448664326,27776,0.3629032258064516,mask_91.npy
1552,796.3524215808615,0.8140291631852116,3808,0.40756302521008403,mask_91.npy
1,1.7320505049483723,2.792052453570663,1,1.0,mask_91.npy
46665,12521.173347103724,0.5006104870141607,226380,0.20613570103366022,mask_91.npy
8,19.681432683049643,0.982850372719934,9,0.8888888888888888,mask_91.npy
8,17.585056340439948,1.1000194184031646,12,0.6666666666666666,mask_91.npy
1,1.7320505049483723,2.792052453570663,1,1.0,mask_91.npy
1,1.7320505049483723,2.792052453570663,1,1.0,mask_91.npy
4,9.388904365625867,1.2979038976446955,4,1.0,mask_91.npy
1,1.7320505049483723,2.792052453570663,1,1.0,mask_91.npy
1,1.7320505049483723,2.792052453570663,1,1.0,mask_91.npy
8,18.639389188314677,1.0377970679599644,16,0.5,mask_91.npy
4,10.024578415366177,1.215601800478707,6,0.6666666666666666,mask_91.npy
1,1.7320505049483723,2.792052453570663,1,1.0,mask_91.npy
91,129.36779512738508,0.7562850979619242,280,0.325,mask_91.npy
4,10.024578415366175,1.2156018004787073,6,0.6666666666666666,mask_91.npy
4,9.388904365625867,1.2979038976446955,4,1.0,mask_91.npy
12,27.710456786603036,0.9147335405308267,30,0.4,mask_91.npy
3,7.292527823575153,1.3793893424443504,4,0.75,mask_91.npy
1,1.7320505049483723,2.792052453570663,1,1.0,mask_91.npy
1,1.7320505049483723,2.792052453570663,1,1.0,mask_91.npy
3,7.292527823575153,1.3793893424443504,4,0.75,mask_91.npy
1,1.7320505049483723,2.792052453570663,1,1.0,mask_91.npy
1,1.7320505049483723,2.792052453570663,1,1.0,mask_91.npy
1,1.7320505049483723,2.792052453570663,1,1.0,mask_91.npy
1,1.7320505049483723,2.792052453570663,1,1.0,mask_91.npy
103684,20495.206831854823,0.5207624337287416,467325,0.2218670090408174,mask_94.npy
1,1.7320505049483723,2.792052453570663,1,1.0,mask_94.npy
1,1.7320505049483723,2.792052453570663,1,1.0,mask_94.npy
79,140.10191162764707,0.635513515181758,360,0.21944444444444444,mask_94.npy
2,4.5604772317841284,1.6832960193744535,2,1.0,mask_94.npy
1,1.7320505049483723,2.792052453570663,1,1.0,mask_94.npy
132066,23554.013857991667,0.5324512869038558,385020,0.34301075268817205,mask_99.npy
1,1.7320505049483723,2.792052453570663,1,1.0,mask_99.npy
1,1.7320505049483723,2.792052453570663,1,1.0,mask_99.npy
